time,open,high,low,close,Volume,Volume MA,Volume Delta (Ouverture),Volume Delta (Haut,Volume Delta (Bas),Volume Delta (Fermeture),Up Volume,Down Volume,delta,Futures Open Interest
967759200,0.878,0.9015,0.8595,0.8953,1014,NaN,0,NaN,NaN,NaN,NaN,NaN,NaN,160
970437600,0.8953,0.8965,0.8377,0.8586,218,NaN,0,NaN,NaN,NaN,NaN,NaN,NaN,210
973033200,0.871,0.88,0.84,0.88,196,NaN,0,NaN,NaN,NaN,NaN,NaN,NaN,261
975625200,0.88,0.9399,0.88,0.937,1807,NaN,0,NaN,NaN,NaN,NaN,NaN,NaN,609
978303600,0.9391,0.9636,0.9205,0.9375,1263,NaN,0,NaN,NaN,NaN,NaN,NaN,NaN,852
980982000,0.9369,0.9454,0.9045,0.9223,518,NaN,0,NaN,NaN,NaN,NaN,NaN,NaN,886
983401200,0.9238,0.938,0.8772,0.8779,1380,NaN,0,NaN,NaN,NaN,NaN,NaN,NaN,1419
986162400,0.8805,0.906,0.8728,0.8896,73,NaN,0,NaN,NaN,NaN,NaN,NaN,NaN,1419
988668000,0.8925,0.8927,0.8447,0.8447,203,NaN,0,NaN,NaN,NaN,NaN,NaN,NaN,1419
991346400,0.846,0.8658,0.8395,0.8482,740,NaN,0,NaN,NaN,NaN,NaN,NaN,NaN,0
994024800,0.8486,0.8814,0.8342,0.8742,555,NaN,0,NaN,NaN,NaN,NaN,NaN,NaN,1419
996616800,0.8753,0.9233,0.8733,0.9097,629,NaN,0,NaN,NaN,NaN,NaN,NaN,NaN,1419
999468000,0.9092,0.931,0.8824,0.9084,0,NaN,0,NaN,NaN,NaN,NaN,NaN,NaN,169
1001887200,0.9088,0.9221,0.8853,0.8984,0,NaN,0,NaN,NaN,NaN,NaN,NaN,NaN,169
1004569200,0.8988,0.9105,0.8731,0.8954,0,NaN,0,NaN,NaN,NaN,NaN,NaN,NaN,169
1007334000,0.8954,0.9051,0.8713,0.8878,0,NaN,0,NaN,NaN,NaN,NaN,NaN,NaN,0
1009839600,0.898,0.904,0.8554,0.8568,0,NaN,0,NaN,NaN,NaN,NaN,NaN,NaN,0
1012518000,0.8577,0.8788,0.8549,0.8682,0,NaN,0,NaN,NaN,NaN,NaN,NaN,NaN,0
1014937200,0.8688,0.8842,0.8627,0.8682,0,NaN,0,NaN,NaN,NaN,NaN,NaN,NaN,0
1017615600,0.8688,0.9027,0.8686,0.899,0,429.8,0,NaN,NaN,NaN,NaN,NaN,NaN,0
1020204000,0.8986,0.9407,0.8979,0.9317,0,379.1,0,NaN,NaN,NaN,NaN,NaN,NaN,0
1023055200,0.9323,0.9956,0.9299,0.9885,0,368.2,0,NaN,NaN,NaN,NaN,NaN,NaN,0
1025474400,0.9884,1.0185,0.9686,0.9749,0,358.4,0,NaN,NaN,NaN,NaN,NaN,NaN,0
1028152800,0.9754,0.9899,0.9606,0.9802,0,268.05,0,NaN,NaN,NaN,NaN,NaN,NaN,0
1030917600,0.9817,0.999,0.9571,0.9834,0,204.9,0,NaN,NaN,NaN,NaN,NaN,NaN,0
1033423200,0.9837,0.9901,0.9666,0.9871,0,179,0,NaN,NaN,NaN,NaN,NaN,NaN,0
1036105200,0.9886,1.0153,0.9866,0.9935,0,110,0,NaN,NaN,NaN,NaN,NaN,NaN,0
1038783600,0.9935,1.0472,0.9854,1.0471,0,106.35,0,NaN,NaN,NaN,NaN,NaN,NaN,0
1041375600,1.0444,1.0885,1.0305,1.0736,0,96.2,0,NaN,NaN,NaN,NaN,NaN,NaN,0
1044226800,1.0767,1.0919,1.065,1.0795,0,59.2,0,NaN,NaN,NaN,NaN,NaN,NaN,0
1046646000,1.0772,1.1082,1.047,1.0868,0,31.45,0,NaN,NaN,NaN,NaN,NaN,NaN,0
1049151600,1.0886,1.1172,1.0534,1.1159,0,0,0,NaN,NaN,NaN,NaN,NaN,NaN,0
1051740000,1.1164,1.1928,1.1138,1.1783,0,0,0,NaN,NaN,NaN,NaN,NaN,NaN,0
1054504800,1.1723,1.1896,1.1362,1.1469,0,0,0,NaN,NaN,NaN,NaN,NaN,NaN,0
1057010400,1.1485,1.1585,1.1093,1.1226,0,0,0,NaN,NaN,NaN,NaN,NaN,NaN,0
1059688800,1.1219,1.1413,1.0786,1.0966,0,0,0,NaN,NaN,NaN,NaN,NaN,NaN,0
1062367200,1.0984,1.1714,1.0759,1.162,0,0,0,NaN,NaN,NaN,NaN,NaN,NaN,0
1064959200,1.1639,1.1842,1.151,1.1559,0,0,0,NaN,NaN,NaN,NaN,NaN,NaN,0
1067814000,1.1564,1.201,1.1365,1.1984,0,0,0,NaN,NaN,NaN,NaN,NaN,NaN,0
1070233200,1.1991,1.2623,1.1932,1.2566,0,0,0,NaN,NaN,NaN,NaN,NaN,NaN,0
1072911600,1.2583,1.2875,1.2315,1.2448,0,0,0,NaN,NaN,NaN,NaN,NaN,NaN,0
1075676400,1.2471,1.2919,1.2365,1.2489,0,0,0,NaN,NaN,NaN,NaN,NaN,NaN,0
1078095600,1.249,1.2536,1.2025,1.228,0,0,0,NaN,NaN,NaN,NaN,NaN,NaN,0
1080774000,1.2289,1.2366,1.1745,1.1969,0,0,0,NaN,NaN,NaN,NaN,NaN,NaN,0
1083535200,1.1988,1.229,1.1752,1.2185,0,0,0,NaN,NaN,NaN,NaN,NaN,NaN,0
1086040800,1.2185,1.235,1.1936,1.2178,0,0,0,NaN,NaN,NaN,NaN,NaN,NaN,0
1088632800,1.2173,1.2449,1.1981,1.2007,532536,26626.8,0,NaN,NaN,NaN,NaN,NaN,NaN,152842
1091397600,1.2042,1.2385,1.1959,1.2169,1504796,101866.6,0,NaN,NaN,NaN,NaN,NaN,NaN,165754
1093989600,1.2177,1.2439,1.2025,1.2432,1610046,182368.9,0,NaN,NaN,NaN,NaN,NaN,NaN,122586
1096581600,1.2426,1.284,1.2219,1.2787,1779408,271339.3,0,NaN,NaN,NaN,NaN,NaN,NaN,149785
1099263600,1.2813,1.3335,1.2656,1.3292,2222102,382444.4,0,NaN,NaN,NaN,NaN,NaN,NaN,225736
1101855600,1.3286,1.3687,1.3148,1.3558,2172904,491089.6,0,NaN,NaN,NaN,NaN,NaN,NaN,148086
1104706800,1.357,1.3593,1.2931,1.3035,2760152,629097.2,0,NaN,NaN,NaN,NaN,NaN,NaN,118626
1107212400,1.305,1.3282,1.2737,1.3243,2249887,741591.55,0,NaN,NaN,NaN,NaN,NaN,NaN,153049
1109631600,1.3219,1.351,1.288,1.2982,2420153,862599.2,0,NaN,NaN,NaN,NaN,NaN,NaN,115593
1112310000,1.2988,1.3143,1.2787,1.2879,2987535,1011975.95,0,NaN,NaN,NaN,NaN,NaN,NaN,135144
1114984800,1.2874,1.3002,1.23,1.2306,2756182,1149785.05,0,NaN,NaN,NaN,NaN,NaN,NaN,182135
1117576800,1.2307,1.2356,1.202,1.2137,3291517,1314360.9,0,NaN,NaN,NaN,NaN,NaN,NaN,137568
1120168800,1.2135,1.2287,1.19,1.2151,2728164,1450769.1,0,NaN,NaN,NaN,NaN,NaN,NaN,138532
1122847200,1.2148,1.2505,1.214,1.2344,2748743,1588206.25,0,NaN,NaN,NaN,NaN,NaN,NaN,145630
1125525600,1.235,1.2598,1.2015,1.2059,2599590,1718185.75,0,NaN,NaN,NaN,NaN,NaN,NaN,137577
1128290400,1.2072,1.2249,1.1914,1.2023,2606803,1848525.9,0,NaN,NaN,NaN,NaN,NaN,NaN,139784
1130799600,1.2013,1.2116,1.1661,1.1804,3146958,2005873.8,0,NaN,NaN,NaN,NaN,NaN,NaN,170934
1133391600,1.18,1.2096,1.167,1.188,2370987,2124423.15,0,NaN,NaN,NaN,NaN,NaN,NaN,108340
1136156400,1.1869,1.2359,1.1857,1.2178,3154670,2282156.65,0,NaN,NaN,NaN,NaN,NaN,NaN,143296
1138748400,1.2177,1.2192,1.1835,1.1929,2645108,2414412.05,0,NaN,NaN,NaN,NaN,NaN,NaN,151890
1141167600,1.1936,1.2277,1.1872,1.2179,3038355,2539703,0,NaN,NaN,NaN,NaN,NaN,NaN,140062
1144015200,1.2174,1.268,1.2089,1.2652,2972404,2613083.4,0,NaN,NaN,NaN,NaN,NaN,NaN,176571
1146434400,1.266,1.3003,1.2595,1.2824,4728615,2769011.85,0,NaN,NaN,NaN,NaN,NaN,NaN,193486
1149112800,1.283,1.2992,1.2534,1.285,3101121,2835097.5,0,NaN,NaN,NaN,NaN,NaN,NaN,154334
1151877600,1.2855,1.2925,1.2503,1.2813,2948559,2871420.35,0,NaN,NaN,NaN,NaN,NaN,NaN,152100
1154383200,1.2809,1.2961,1.2722,1.2823,3208885,2923219.4,0,NaN,NaN,NaN,NaN,NaN,NaN,171295
1157061600,1.2819,1.2891,1.2654,1.2739,3024947,2936459.15,0,NaN,NaN,NaN,NaN,NaN,NaN,142380
1159740000,1.2733,1.2817,1.2526,1.2796,3113994,2979664.5,0,NaN,NaN,NaN,NaN,NaN,NaN,158805
1162335600,1.2798,1.3286,1.2711,1.326,3881115,3052712.6,0,NaN,NaN,NaN,NaN,NaN,NaN,208792
1164927600,1.325,1.3373,1.3105,1.3236,3594920,3083081.85,0,NaN,NaN,NaN,NaN,NaN,NaN,191465
1167606000,1.3319,1.3343,1.2901,1.3057,3694595,3130002.5,0,NaN,NaN,NaN,NaN,NaN,NaN,171573
1170284400,1.3051,1.3272,1.2938,1.3242,3205577,3125705.5,0,NaN,NaN,NaN,NaN,NaN,NaN,213309
1172703600,1.3237,1.3458,1.3079,1.3394,3786072,3178600.9,0,NaN,NaN,NaN,NaN,NaN,NaN,203861
1175464800,1.3412,1.3715,1.3355,1.3676,2973923,3189859.9,0,NaN,NaN,NaN,NaN,NaN,NaN,236224
1177970400,1.367,1.37,1.3416,1.3463,3326239,3226192.35,0,NaN,NaN,NaN,NaN,NaN,NaN,205187
1180648800,1.3462,1.3576,1.3266,1.3568,3354295,3263566.95,0,NaN,NaN,NaN,NaN,NaN,NaN,195053
1183327200,1.3572,1.3878,1.3563,1.3711,3553708,3283904.45,0,NaN,NaN,NaN,NaN,NaN,NaN,212308
1185919200,1.37,1.386,1.337,1.3647,4025395,3366624.85,0,NaN,NaN,NaN,NaN,NaN,NaN,223758
1188770400,1.3641,1.43,1.3559,1.4293,2961388,3356960.75,0,NaN,NaN,NaN,NaN,NaN,NaN,209615
1191189600,1.4292,1.4517,1.4033,1.451,3816671,3415538.9,0,NaN,NaN,NaN,NaN,NaN,NaN,202786
1193868000,1.449,1.4977,1.4413,1.4643,3936676,3460454.95,0,NaN,NaN,NaN,NaN,NaN,NaN,202395
1196636400,1.4641,1.4774,1.4323,1.459,2515307,3437600.1,0,NaN,NaN,NaN,NaN,NaN,NaN,163552
1199142000,1.4678,1.4916,1.4355,1.4859,3655591,3383948.9,0,NaN,NaN,NaN,NaN,NaN,NaN,187318
1201820400,1.483,1.5234,1.4424,1.5185,3305722,3394178.95,0,NaN,NaN,NaN,NaN,NaN,NaN,203244
1204498800,1.5183,1.5843,1.514,1.5729,4136770,3453589.5,0,NaN,NaN,NaN,NaN,NaN,NaN,165367
1207000800,1.571,1.5985,1.5461,1.5609,4587129,3522501.7,0,NaN,NaN,NaN,NaN,NaN,NaN,191594
1209592800,1.5593,1.5804,1.5255,1.5546,4699578,3606233.25,0,NaN,NaN,NaN,NaN,NaN,NaN,217472
1212357600,1.5546,1.5839,1.5236,1.5712,4739755,3687521.3,0,NaN,NaN,NaN,NaN,NaN,NaN,167460
1214863200,1.5694,1.5988,1.5485,1.5557,4960019,3741466.5,0,NaN,NaN,NaN,NaN,NaN,NaN,154106
1217541600,1.5564,1.5598,1.4556,1.4631,4979449,3810692.95,0,NaN,NaN,NaN,NaN,NaN,NaN,151887
1220220000,1.468,1.4846,1.388,1.4134,5669733,3909449.85,0,NaN,NaN,NaN,NaN,NaN,NaN,151868
1222812000,1.4155,1.4211,1.2326,1.2741,4536272,3975984.6,0,NaN,NaN,NaN,NaN,NaN,NaN,148064
1225666800,1.2712,1.3096,1.2372,1.27,3582872,3965824.6,0,NaN,NaN,NaN,NaN,NaN,NaN,138461
1228086000,1.2707,1.4687,1.2546,1.3921,3125333,3973395.1,0,NaN,NaN,NaN,NaN,NaN,NaN,115967
1230764400,1.39,1.3956,1.2755,1.2784,3568572,3985511.75,0,NaN,NaN,NaN,NaN,NaN,NaN,142826
1233529200,1.2768,1.3087,1.2508,1.2696,3878550,4011724.5,0,NaN,NaN,NaN,NaN,NaN,NaN,159991
1235948400,1.2615,1.3737,1.2456,1.3283,4123010,4040189.6,0,NaN,NaN,NaN,NaN,NaN,NaN,102996
1238536800,1.3247,1.3582,1.2878,1.3261,3151626,3996501.15,0,NaN,NaN,NaN,NaN,NaN,NaN,111775
1241128800,1.3222,1.4168,1.321,1.4131,3729653,4034914.4,0,NaN,NaN,NaN,NaN,NaN,NaN,130409
1243807200,1.4133,1.4338,1.3736,1.404,4810679,4084614.8,0,NaN,NaN,NaN,NaN,NaN,NaN,113651
1246399200,1.4035,1.4306,1.3832,1.4254,4666669,4121114.45,0,NaN,NaN,NaN,NaN,NaN,NaN,131782
1249250400,1.4269,1.4449,1.4045,1.433,4190550,4204876.6,0,NaN,NaN,NaN,NaN,NaN,NaN,127750
1251756000,1.4331,1.4844,1.4177,1.4645,4677648,4255979.45,0,NaN,NaN,NaN,NaN,NaN,NaN,172930
1254348000,1.4639,1.5062,1.4479,1.4726,5424300,4361908.35,0,NaN,NaN,NaN,NaN,NaN,NaN,166762
1257116400,1.473,1.5144,1.4624,1.4991,5393073,4424723.5,0,NaN,NaN,NaN,NaN,NaN,NaN,171262
1259622000,1.5005,1.5142,1.4215,1.4334,4826592,4436696.65,0,NaN,NaN,NaN,NaN,NaN,NaN,145397
1262559600,1.4323,1.4577,1.3858,1.3865,5400118,4471723.65,0,NaN,NaN,NaN,NaN,NaN,NaN,187156
1264978800,1.386,1.4026,1.3442,1.3621,6396355,4554553.65,0,NaN,NaN,NaN,NaN,NaN,NaN,201301
1267398000,1.3624,1.3819,1.3266,1.351,7059223,4659513.85,0,NaN,NaN,NaN,NaN,NaN,NaN,214066
1270072800,1.3507,1.3694,1.3117,1.3308,7132824,4767182.6,0,NaN,NaN,NaN,NaN,NaN,NaN,242231
1272837600,1.3333,1.3335,1.214,1.2324,9483880,4957889.95,0,NaN,NaN,NaN,NaN,NaN,NaN,263581
1275256800,1.2283,1.2477,1.1874,1.2248,7242619,5093207.3,0,NaN,NaN,NaN,NaN,NaN,NaN,225410
1277935200,1.2239,1.3106,1.2197,1.3054,5994587,5213793.05,0,NaN,NaN,NaN,NaN,NaN,NaN,224425
1280700000,1.306,1.3333,1.2587,1.2662,6378438,5376448.3,0,NaN,NaN,NaN,NaN,NaN,NaN,229307
1283292000,1.2688,1.3678,1.264,1.3634,6832054,5539622.4,0,NaN,NaN,NaN,NaN,NaN,NaN,185952
1285884000,1.3624,1.4156,1.3611,1.3888,7464662,5718928,0,NaN,NaN,NaN,NaN,NaN,NaN,204405
1288562400,1.3961,1.4276,1.2968,1.3009,8204847,5923019.85,0,NaN,NaN,NaN,NaN,NaN,NaN,192012
1291158000,1.2985,1.3493,1.2969,1.3364,6236943,6077285.7,0,NaN,NaN,NaN,NaN,NaN,NaN,159616
1294009200,1.3344,1.3753,1.287,1.3688,7399898,6260797.95,0,NaN,NaN,NaN,NaN,NaN,NaN,201529
1296514800,1.3683,1.3856,1.3424,1.3801,6426301,6341579.05,0,NaN,NaN,NaN,NaN,NaN,NaN,209288
1298934000,1.3803,1.4229,1.3733,1.4181,6801136,6448302.4,0,NaN,NaN,NaN,NaN,NaN,NaN,224859
1301608800,1.4151,1.4864,1.4041,1.482,5443146,6510932.2,0,NaN,NaN,NaN,NaN,NaN,NaN,246046
1304287200,1.481,1.4925,1.3963,1.4379,7618781,6657988.85,0,NaN,NaN,NaN,NaN,NaN,NaN,261728
1306879200,1.4389,1.4695,1.4039,1.4488,6963695,6734958.6,0,NaN,NaN,NaN,NaN,NaN,NaN,189157
1309471200,1.4462,1.4547,1.3811,1.4348,6901560,6810382.95,0,NaN,NaN,NaN,NaN,NaN,NaN,180663
1312149600,1.4339,1.4553,1.4041,1.4377,8037546,6970930.65,0,NaN,NaN,NaN,NaN,NaN,NaN,170143
1314828000,1.4376,1.4378,1.3357,1.3415,7535759,7077712.7,0,NaN,NaN,NaN,NaN,NaN,NaN,224262
1317592800,1.3353,1.4241,1.3142,1.392,6995796,7107684.75,0,NaN,NaN,NaN,NaN,NaN,NaN,220209
1320098400,1.3855,1.3879,1.3212,1.3436,6602346,7084840.9,0,NaN,NaN,NaN,NaN,NaN,NaN,269266
1322694000,1.3441,1.355,1.2869,1.2968,4609096,6958654.5,0,NaN,NaN,NaN,NaN,NaN,NaN,282768
1325458800,1.3047,1.3237,1.2627,1.3086,5603740,6764647.5,0,NaN,NaN,NaN,NaN,NaN,NaN,300708
1328050800,1.3093,1.3488,1.2975,1.3339,5958910,6700462.05,0,NaN,NaN,NaN,NaN,NaN,NaN,261452
1330556400,1.3322,1.3391,1.3004,1.3339,5447549,6673110.15,0,NaN,NaN,NaN,NaN,NaN,NaN,234114
1333317600,1.3365,1.3387,1.3,1.3242,4859973,6597186.9,0,NaN,NaN,NaN,NaN,NaN,NaN,280324
1335823200,1.3243,1.3287,1.2337,1.2368,6488298,6579999.1,0,NaN,NaN,NaN,NaN,NaN,NaN,388914
1338501600,1.2361,1.2759,1.2288,1.2668,6483305,6530931.25,0,NaN,NaN,NaN,NaN,NaN,NaN,299280
1341180000,1.2678,1.2682,1.2051,1.2313,5300008,6385689.3,0,NaN,NaN,NaN,NaN,NaN,NaN,306479
1343772000,1.2306,1.264,1.214,1.2582,5036668,6325675.55,0,NaN,NaN,NaN,NaN,NaN,NaN,305030
1346623200,1.2581,1.3183,1.2503,1.2862,5374381,6224399.7,0,NaN,NaN,NaN,NaN,NaN,NaN,213277
1349042400,1.2858,1.3147,1.2813,1.2967,5193455,6162757.4,0,NaN,NaN,NaN,NaN,NaN,NaN,219534
1351720800,1.2961,1.3031,1.2665,1.3,5264202,6085910.7,0,NaN,NaN,NaN,NaN,NaN,NaN,204389
1354489200,1.2995,1.3321,1.2877,1.3208,4022818,6014894.3,0,NaN,NaN,NaN,NaN,NaN,NaN,206499
1356994800,1.3257,1.3598,1.3005,1.3578,5669260,5917418.25,0,NaN,NaN,NaN,NaN,NaN,NaN,240629
1359673200,1.3589,1.3715,1.302,1.3065,6066126,5872539.8,0,NaN,NaN,NaN,NaN,NaN,NaN,213871
1362092400,1.3068,1.3135,1.2758,1.2823,5916438,5823283.7,0,NaN,NaN,NaN,NaN,NaN,NaN,223438
1364767200,1.2819,1.3208,1.2751,1.3166,5474186,5695115.7,0,NaN,NaN,NaN,NaN,NaN,NaN,220220
1367359200,1.3171,1.3248,1.2798,1.2983,6019569,5619306.2,0,NaN,NaN,NaN,NaN,NaN,NaN,238075
1370210400,1.2991,1.3424,1.2956,1.3023,5473367,5543184.75,0,NaN,NaN,NaN,NaN,NaN,NaN,201314
1372629600,1.3014,1.3347,1.2755,1.3339,5084690,5467301.95,0,NaN,NaN,NaN,NaN,NaN,NaN,223651
1375308000,1.3305,1.3454,1.3173,1.3208,4352155,5454454.9,0,NaN,NaN,NaN,NaN,NaN,NaN,227501
1378072800,1.3212,1.3573,1.3105,1.3527,3692419,5358888.85,0,NaN,NaN,NaN,NaN,NaN,NaN,258393
1380578400,1.3524,1.3834,1.3475,1.3592,3978683,5259877.5,0,NaN,NaN,NaN,NaN,NaN,NaN,269928
1383256800,1.359,1.3623,1.3294,1.3587,4018723,5188436.2,0,NaN,NaN,NaN,NaN,NaN,NaN,236045
1385938800,1.3588,1.3893,1.3524,1.3788,3477259,5119300.5,0,NaN,NaN,NaN,NaN,NaN,NaN,238614
1388530800,1.3726,1.374,1.3479,1.3484,4391437,5014457.45,0,NaN,NaN,NaN,NaN,NaN,NaN,254566
1391382000,1.3488,1.3826,1.3476,1.3822,3697258,4875155.1,0,NaN,NaN,NaN,NaN,NaN,NaN,277437
1393801200,1.3786,1.3967,1.3702,1.3774,4182793,4819294.35,0,NaN,NaN,NaN,NaN,NaN,NaN,252598
1396303200,1.3773,1.3903,1.3669,1.387,3034075,4719164.7,0,NaN,NaN,NaN,NaN,NaN,NaN,263235
1398895200,1.3865,1.3993,1.3586,1.3634,3278356,4614363.45,0,NaN,NaN,NaN,NaN,NaN,NaN,246193
1401660000,1.3631,1.3702,1.3502,1.3698,3712144,4540297.9,0,NaN,NaN,NaN,NaN,NaN,NaN,286886
1404165600,1.3697,1.3705,1.3369,1.3392,3021393,4428157.45,0,NaN,NaN,NaN,NaN,NaN,NaN,346124
1406844000,1.339,1.3447,1.3134,1.3135,3458276,4399930.35,0,NaN,NaN,NaN,NaN,NaN,NaN,385252
1409522400,1.313,1.3161,1.2578,1.2635,5330708,4383002.75,0,NaN,NaN,NaN,NaN,NaN,NaN,405587
1412114400,1.2636,1.2893,1.2489,1.253,5873377,4373365.3,0,NaN,NaN,NaN,NaN,NaN,NaN,452251
1414969200,1.2515,1.2605,1.2361,1.2436,4510946,4303090.7,0,NaN,NaN,NaN,NaN,NaN,NaN,447958
1417388400,1.2447,1.2579,1.2104,1.2107,4732480,4266005.4,0,NaN,NaN,NaN,NaN,NaN,NaN,385451
1420066800,1.211,1.2113,1.1102,1.1296,5529614,4241507.65,0,NaN,NaN,NaN,NaN,NaN,NaN,450087
1422831600,1.1314,1.1539,1.1177,1.1195,3589069,4147292.75,0,NaN,NaN,NaN,NaN,NaN,NaN,423208
1425250800,1.1183,1.1242,1.0473,1.0754,6664214,4226268.95,0,NaN,NaN,NaN,NaN,NaN,NaN,456318
1427839200,1.0752,1.1273,1.0529,1.1266,5721921,4294757.25,0,NaN,NaN,NaN,NaN,NaN,NaN,445075
1430431200,1.1224,1.1472,1.0821,1.0983,5476833,4383977.95,0,NaN,NaN,NaN,NaN,NaN,NaN,411350
1433109600,1.0982,1.145,1.0889,1.1156,6253193,4497703.45,0,NaN,NaN,NaN,NaN,NaN,NaN,342987
1435701600,1.1144,1.1226,1.0817,1.0971,4645444,4529039.5,0,NaN,NaN,NaN,NaN,NaN,NaN,358532
1438552800,1.0987,1.1718,1.0852,1.1239,5170532,4613703.15,0,NaN,NaN,NaN,NaN,NaN,NaN,343078
1441058400,1.121,1.1476,1.1088,1.1179,4853427,4636802.65,0,NaN,NaN,NaN,NaN,NaN,NaN,320614
1443650400,1.1185,1.1505,1.0904,1.1009,4442287,4674054.1,0,NaN,NaN,NaN,NaN,NaN,NaN,389971
1446418800,1.1037,1.1059,1.056,1.0576,4173450,4673586.95,0,NaN,NaN,NaN,NaN,NaN,NaN,437116
1448924400,1.0572,1.1088,1.049,1.0886,5189672,4781366.8,0,NaN,NaN,NaN,NaN,NaN,NaN,396631
1451602800,1.0884,1.10005,1.0728,1.08385,4065031,4820700.55,0,NaN,NaN,NaN,NaN,NaN,NaN,398989
1454281200,1.0841,1.13855,1.0825,1.0885,4500355,4860111.1,0,NaN,NaN,NaN,NaN,NaN,NaN,405036
1456786800,1.08865,1.1438,1.08225,1.1412,4657196,4941901.25,0,NaN,NaN,NaN,NaN,NaN,NaN,339434
1459461600,1.14045,1.1486,1.1234,1.1465,3678414,4952908.15,0,NaN,NaN,NaN,NaN,NaN,NaN,356973
1462140000,1.14735,1.16305,1.11025,1.113,3155164,4844130.95,0,NaN,NaN,NaN,NaN,NaN,NaN,337252
1464732000,1.11345,1.14575,1.0947,1.11075,4356477,4768285.95,0,NaN,NaN,NaN,NaN,NaN,NaN,337469
1467324000,1.11325,1.1219,1.0976,1.12015,2722694,4678873.35,0,NaN,NaN,NaN,NaN,NaN,NaN,379203
1470002400,1.12055,1.138,1.1064,1.11665,2962615,4590380.1,0,NaN,NaN,NaN,NaN,NaN,NaN,349835
1472680800,1.1165,1.1331,1.1133,1.1277,3982451,4513021.95,0,NaN,NaN,NaN,NaN,NaN,NaN,330467
1475445600,1.12765,1.1285,1.0875,1.0987,3331372,4500137.1,0,NaN,NaN,NaN,NaN,NaN,NaN,443531
1477951200,1.0997,1.1317,1.0527,1.06045,4543403,4394096.55,0,NaN,NaN,NaN,NaN,NaN,NaN,429691
1480546800,1.06,1.0878,1.03675,1.0574,4195853,4317793.15,0,NaN,NaN,NaN,NaN,NaN,NaN,399691
1483311600,1.05005,1.0829,1.03735,1.0821,4312011,4259552.05,0,NaN,NaN,NaN,NaN,NaN,NaN,395477
1485903600,1.08135,1.0844,1.05015,1.05975,3626209,4128202.85,0,NaN,NaN,NaN,NaN,NaN,NaN,413210
1488322800,1.05765,1.0949,1.0498,1.0722,4986877,4145274.5,0,NaN,NaN,NaN,NaN,NaN,NaN,396580
1491170400,1.06985,1.09785,1.06045,1.0921,3320192,4052757.5,0,NaN,NaN,NaN,NaN,NaN,NaN,406907
1493589600,1.0921,1.12825,1.0858,1.1256,4044374,4012304.85,0,NaN,NaN,NaN,NaN,NaN,NaN,436437
1496268000,1.1251,1.1493,1.1133,1.1467,4554696,4017925.3,0,NaN,NaN,NaN,NaN,NaN,NaN,413755
1499032800,1.1467,1.18755,1.1356,1.18605,4387748,4028640.2,0,NaN,NaN,NaN,NaN,NaN,NaN,442965
1501538400,1.1866,1.20825,1.168,1.1912,4586986,3998505.9,0,NaN,NaN,NaN,NaN,NaN,NaN,447703
1504216800,1.19275,1.20975,1.177,1.18645,4998602,4045184.45,0,NaN,NaN,NaN,NaN,NaN,NaN,423458
1506895200,1.18565,1.1921,1.1604,1.1681,4590207,4049677.05,0,NaN,NaN,NaN,NaN,NaN,NaN,423996
1509487200,1.1676,1.1975,1.15785,1.1908,4515296,4042582.05,0,NaN,NaN,NaN,NaN,NaN,NaN,472364
1512082800,1.19005,1.20795,1.17215,1.20755,4176325,4067477.6,0,NaN,NaN,NaN,NaN,NaN,NaN,498671
1514761200,1.207,1.25765,1.1964,1.24475,6034214,4211430.1,0,NaN,NaN,NaN,NaN,NaN,NaN,568011
1517439600,1.24475,1.25795,1.2202,1.2217,4704921,4228852.3,0,NaN,NaN,NaN,NaN,NaN,NaN,523092
1519858800,1.2206,1.25535,1.2166,1.23585,5267394,4356087.3,0,NaN,NaN,NaN,NaN,NaN,NaN,479648
1522620000,1.2388,1.24685,1.20975,1.2123,4328330,4424373.05,0,NaN,NaN,NaN,NaN,NaN,NaN,493697
1525125600,1.21175,1.2126,1.1526,1.17005,7076619,4579081.45,0,NaN,NaN,NaN,NaN,NaN,NaN,499981
1527804000,1.1705,1.1858,1.1564,1.17365,6340141,4729519.9,0,NaN,NaN,NaN,NaN,NaN,NaN,471589
1530482400,1.1738,1.18515,1.16225,1.17375,4465575,4725628.5,0,NaN,NaN,NaN,NaN,NaN,NaN,488089
1533074400,1.1728,1.17505,1.13275,1.1609,5869447,4809308.2,0,NaN,NaN,NaN,NaN,NaN,NaN,493553
1535925600,1.1609,1.1893,1.15305,1.1682,5216994,4854557.35,0,NaN,NaN,NaN,NaN,NaN,NaN,468471
1538344800,1.1683,1.1695,1.1343,1.13555,5220452,4934269.5,0,NaN,NaN,NaN,NaN,NaN,NaN,480982
1541023200,1.1355,1.15455,1.12455,1.1322,4384917,4904171.5,0,NaN,NaN,NaN,NaN,NaN,NaN,484735
1543791600,1.13465,1.1575,1.1311,1.15225,4272576,4951790.7,0,NaN,NaN,NaN,NaN,NaN,NaN,486445
1546383600,1.1533,1.16325,1.13375,1.14865,4071626,4953153.3,0,NaN,NaN,NaN,NaN,NaN,NaN,509887
1548975600,1.1489,1.15305,1.1261,1.13935,3215250,4886181,0,NaN,NaN,NaN,NaN,NaN,NaN,494546
1551394800,1.13865,1.15345,1.11845,1.12885,4488348,4891211,0,NaN,NaN,NaN,NaN,NaN,NaN,474950
1554069600,1.12985,1.13855,1.11565,1.12665,3819013,4852812.35,0,NaN,NaN,NaN,NaN,NaN,NaN,499567
1556661600,1.12615,1.1311,1.11265,1.1187,3732516,4789508.05,0,NaN,NaN,NaN,NaN,NaN,NaN,473004
1559512800,1.11805,1.1486,1.11735,1.14465,4580706,4789033,0,NaN,NaN,NaN,NaN,NaN,NaN,505246
1561932000,1.1435,1.144,1.1102,1.11275,3712056,4748871,0,NaN,NaN,NaN,NaN,NaN,NaN,548676
1564610400,1.1112,1.1285,1.09755,1.09895,3913603,4735734.9,0,NaN,NaN,NaN,NaN,NaN,NaN,515608
1567375200,1.10015,1.1184,1.0928,1.09625,4436347,4655841.55,0,NaN,NaN,NaN,NaN,NaN,NaN,478631
1569880800,1.0957,1.12215,1.09385,1.11765,3855419,4613366.45,0,NaN,NaN,NaN,NaN,NaN,NaN,528160
1572559200,1.1184,1.12055,1.09905,1.1027,2931329,4496563.2,0,NaN,NaN,NaN,NaN,NaN,NaN,547482
1575241200,1.10295,1.1293,1.1012,1.1282,4294364,4494864.9,0,NaN,NaN,NaN,NaN,NaN,NaN,548605
1577833200,1.1267,1.12755,1.1024,1.11185,3523448,4317206.35,0,NaN,NaN,NaN,NaN,NaN,NaN,578656
1580684400,1.11165,1.112,1.0793,1.10395,4331127,4216755.65,0,NaN,NaN,NaN,NaN,NaN,NaN,585534
1583103600,1.1064,1.1502,1.0671,1.10495,6615755,4324264.65,0,NaN,NaN,NaN,NaN,NaN,NaN,539699
1585692000,1.10625,1.10695,1.0739,1.0962,2890066,4175295.6,0,NaN,NaN,NaN,NaN,NaN,NaN,533413
1588284000,1.0961,1.11485,1.0774,1.1101,2994958,4064193.8,0,NaN,NaN,NaN,NaN,NaN,NaN,548801
1590962400,1.1119,1.1424,1.11035,1.12535,4595689,4032955.65,0,NaN,NaN,NaN,NaN,NaN,NaN,562650
1593554400,1.125,1.19195,1.1202,1.17995,4656576,4046538.6,0,NaN,NaN,NaN,NaN,NaN,NaN,677300
1596405600,1.179,1.1973,1.17065,1.19395,4210032,4043411.4,0,NaN,NaN,NaN,NaN,NaN,NaN,678656
1598911200,1.1941,1.2015,1.16305,1.17355,4842161,4081938.15,0,NaN,NaN,NaN,NaN,NaN,NaN,641882
1601503200,1.17395,1.18945,1.1651,1.1655,3694343,4105892.8,0,NaN,NaN,NaN,NaN,NaN,NaN,622775
1604271600,1.1655,1.20075,1.16125,1.19505,3296438,4046297.3,0,NaN,NaN,NaN,NaN,NaN,NaN,624043
1606777200,1.1932,1.233,1.1932,1.2246,4672129,4088953.1,0,NaN,NaN,NaN,NaN,NaN,NaN,662648
1609714800,1.2252,1.2368,1.20675,1.2143,3348864,4069770.5,0,NaN,NaN,NaN,NaN,NaN,NaN,666899
1612134000,1.21415,1.2249,1.19605,1.20815,3659401,4023705.25,0,42800,-97418,-41461,568220,-609681,-41461,674224
1614553200,1.208,1.2116,1.17215,1.1742,4970807,4086642.8,0,95600,-141517,-56213,2033019,-2089232,-56213,633092
1617228000,1.17445,1.21615,1.17295,1.20325,3180890,4050007.15,0,515303,-1740,339605,1820042,-1480437,339605,660403
1619992800,1.20395,1.2271,1.1995,1.22045,3228965,3989638.05,0,301233,-25343,218241,1683017,-1464776,218241,703299
1622412000,1.22005,1.2258,1.18625,1.1865,4448216,4019277.9,0,80896,-366379,-314011,1598350,-1912361,-314011,677171
1625090400,1.1874,1.1919,1.1764,1.1866,3508844,4048153.65,0,19653,-282908,-75634,1657012,-1732646,-75634,652399
1627855200,1.18755,1.1909,1.1669,1.18155,2856056,3976238.25,0,15862,-230032,-61133,1372210,-1433343,-61133,673637
1630447200,1.1813,1.19115,1.1578,1.16,4047532,4002442.45,0,122839,-176403,-176403,1467349,-1643752,-176403,669204
1633039200,1.1597,1.17025,1.15375,1.15685,3373388,3954555.5,0,186966,-140622,23452,1666650,-1643198,23452,659805
1635717600,1.15715,1.1625,1.119,1.13265,3862038,3816869.65,0,147420,-288017,-94287,1834933,-1929220,-94287,662607
1638313200,1.1342,1.14035,1.12285,1.14025,3916255,3868179.1,0,95617,-112496,84050,1447591,-1363541,84050,670914
1641164400,1.1394,1.1496,1.11305,1.12535,3385554,3887708.9,0,292881,-141203,-67064,1580574,-1647638,-67064,668303
1643670000,1.12405,1.15035,1.11105,1.12265,3893121,3852580.5,0,230995,-238883,-54810,1837702,-1892512,-54810,678944
1646089200,1.12235,1.12365,1.08065,1.1099,5709348,3905219.1,0,57601,-429449,-54492,2261626,-2316118,-54492,639203
1648764000,1.10955,1.11055,1.04905,1.0589,3532713,3871353.15,0,11509,-433006,-346750,1536787,-1883537,-346750,681103
1651442400,1.0569,1.07935,1.03615,1.0742,3988675,3828678.85,0,41066,-166134,6391,1910782,-1904391,6391,680685
1654034400,1.07385,1.0775,1.0428,1.0538,4875300,3887726.7,0,3971,-251047,-146530,1774446,-1920976,-146530,651714
1656626400,1.0536,1.0542,1,1.02545,4738999,3959854.75,0,0,-465058,-356853,2087630,-2444483,-356853,661393
1659304800,1.0258,1.03965,0.9916,1.0056,4889386,3970717.6,0,82597,-395862,-264880,2225748,-2490628,-264880,687439
1661983200,1.00615,1.0202,0.9592,0.98615,6774719,4142010.35,0,30728,-383697,-65704,2754295,-2819999,-65704,623926
1664748000,0.9847,1.01315,0.9675,0.99235,4597289,4188904.75,0,265796,-26793,-14044,2170781,-2184825,-14044,644531
1667253600,0.99165,1.05135,0.97605,1.04285,4591426,4169935.7,0,528843,-67428,431220,2430227,-1999007,431220,658029
1669849200,1.0421,1.0767,1.04055,1.0754,4748467,4248314.55,0,156128,-61103,6310,1800762,-1794452,6310,707570
1672700400,1.0723,1.09625,1.0529,1.08925,3906952,4282213.9,0,324556,-114240,297743,2056837,-1759094,297743,781684
1675206000,1.08915,1.1059,1.0542,1.0592,3937665,4256686.35,0,175744,-502942,-427450,1699318,-2126768,-427450,772717
1677625200,1.0589,1.09835,1.05275,1.09035,5995597,4381024,0,273131,-122072,159823,2441795,-2281972,159823,731675
1680472800,1.08875,1.1129,1.08355,1.10485,3366247,4406533.55,0,324815,-11055,246207,1729602,-1483395,246207,760775
1682892000,1.1049,1.11215,1.0647,1.06855,4407904,4424552.15,0,32760,-654946,-614519,1808196,-2422715,-614519,753474
1685570400,1.07005,1.10615,1.06715,1.0953,4823811,4497073.3,0,364183,-43849,229426,1991471,-1762045,229426,712675
1688335200,1.09515,1.13105,1.08715,1.10245,3911434,4499543.1,0,507468,-31579,205543,1967124,-1761581,205543,730690
1690840800,1.1023,1.1085,1.07765,1.08525,4085224,4507991.55,0,97986,-180592,-92192,1895784,-1987976,-92192,719707
1693519200,1.08505,1.08895,1.05255,1.06125,4827272,4580077.45,0,52599,-505028,-379514,1647780,-2027294,-379514,678696
1696197600,1.0602,1.07215,1.0482,1.06025,4566719,4613757.35,0,55924,-208362,-198284,2100358,-2298642,-198284,674289
1698789600,1.0596,1.1025,1.05365,1.0897,4343727,4545476.3,0,282326,-82658,158774,2175996,-2017222,158774,702272
1701385200,1.0897,1.11745,1.0727,1.1075,4638545,4600767.9,0,296853,-264363,248095,1927203,-1679108,248095,703510
1704150000,1.1076,1.10785,1.081,1.08605,4472509,4624959.6,0,26765,-502809,-496945,1905070,-2402015,-496945,716052
1706742000,1.08355,1.0917,1.0709,1.0809,4156020,4588995.6,0,128192,-116153,22418,1976035,-1953617,22418,694566
1709247600,1.0811,1.0985,1.0804,1.08215,4785318,4591311.55,0,243478,-47202,165262,1920756,-1755494,165262,657365
1711922400,1.0812,1.0916,1.06285,1.06985,4620874,4577885.95,0,162455,-274288,-241087,2039746,-2280833,-241087,641785
1714514400,1.06875,1.09095,1.067,1.085,4037659,4441032.95,0,277078,-14203,136399,1950701,-1814302,136399,646018
1717365600,1.08575,1.0923,1.07075,1.0752,4863893,4454363.15,0,159552,-180950,-103396,1774260,-1877656,-103396,625100
1719784800,1.07705,1.09795,1.0748,1.085,4289210,4439252.35,0,339893,-28969,201780,2098463,-1896683,201780,648918
1722463200,1.0849,1.12125,1.0799,1.10595,4790190,4441338.5,0,378260,-78874,66678,2239778,-2173100,66678,699893
1725228000,1.1054,1.12495,1.10045,1.11665,4688934,4480437.6,0,103979,-85362,-75706,1668535,-1744241,-75706,658450
1727733600,1.11665,1.1177,1.07855,1.089,3980515,4482580.1,0,1908,-412890,-210580,1692916,-1903496,-210580,638227
1730412000,1.0901,1.0955,1.03405,1.05735,4843525,4424976.5,0,24908,-549171,-439705,2028891,-2468596,-439705,640700
1733094000,1.0575,1.06335,1.0378,1.03885,4746597,4493994,0,13742,-320727,-247823,1728565,-1976388,-247823,589022
1735772400,1.0388,1.05575,1.02045,1.0397,4684206,4507809.1,0,12225,-351352,-329248,2062305,-2391553,-329248,585868
1738537200,1.0281,1.0529,1.0231,1.0474,3120522,4422644.65,0,352065,-39423,333237,1639738,-1306501,333237,608247