time,open,high,low,close
968623200,0.878,0.878,0.8715,0.8715
969228000,0.8715,0.9015,0.8595,0.9015
969832800,0.9015,0.9015,0.8865,0.8953
970437600,0.8953,0.8965,0.8808,0.8808
971042400,0.8825,0.8842,0.8675,0.8675
971647200,0.861,0.866,0.8445,0.85
972252000,0.85,0.8528,0.8377,0.8513
972860400,0.853,0.876,0.853,0.875
973465200,0.84,0.876,0.84,0.873
974070000,0.8716,0.8716,0.84,0.8595
974674800,0.84,0.8595,0.84,0.8501
975279600,0.85,0.8875,0.85,0.8821
975884400,0.8821,0.905,0.8821,0.8952
976489200,0.9028,0.9085,0.885,0.9065
977094000,0.9085,0.9331,0.8992,0.932
977698800,0.9226,0.9399,0.9226,0.937
978303600,0.9391,0.9636,0.9385,0.9633
978908400,0.9573,0.9636,0.9446,0.954
979513200,0.9565,0.9565,0.9372,0.941
980118000,0.9443,0.9443,0.9205,0.926
980722800,0.926,0.9454,0.9222,0.9454
981327600,0.9425,0.9433,0.9215,0.927
981932400,0.927,0.9355,0.906,0.9202
982537200,0.9095,0.9215,0.9045,0.911
983142000,0.911,0.938,0.91,0.9352
983746800,0.9302,0.9344,0.929,0.9332
984351600,0.9285,0.932,0.8925,0.8963
984956400,0.8982,0.9088,0.8845,0.8903
985561200,0.897,0.8995,0.8772,0.8779
986162400,0.8805,0.906,0.8789,0.9032
986767200,0.8954,0.8986,0.8872,0.8917
987372000,0.8954,0.9028,0.8728,0.9028
987976800,0.8788,0.9023,0.8788,0.8896
988581600,0.8925,0.8927,0.8881,0.8927
989186400,0.8925,0.8925,0.8749,0.8749
989791200,0.8777,0.8831,0.873,0.8782
990396000,0.8799,0.8799,0.85,0.8568
991000800,0.8578,0.8578,0.844,0.8465
991605600,0.845,0.8585,0.8415,0.8499
992210400,0.849,0.8658,0.8395,0.8601
992815200,0.8616,0.8628,0.8481,0.8543
993420000,0.8552,0.8648,0.8423,0.8482
994024800,0.8486,0.8494,0.8342,0.8461
994629600,0.8462,0.8629,0.8433,0.8528
995234400,0.8534,0.8775,0.8486,0.8704
995839200,0.8696,0.8814,0.8644,0.8754
996444000,0.8756,0.8864,0.8714,0.8833
997048800,0.8824,0.895,0.8733,0.8925
997653600,0.893,0.9196,0.8917,0.9167
998258400,0.9165,0.9233,0.9072,0.9125
998863200,0.9133,0.9199,0.9024,0.9097
999468000,0.9092,0.91,0.8824,0.9051
1000072800,0.9063,0.9227,0.8954,0.9193
1000677600,0.9208,0.931,0.9069,0.9109
1001282400,0.9116,0.9228,0.9059,0.9084
1001887200,0.9088,0.9212,0.9044,0.9151
1002492000,0.9171,0.9221,0.897,0.907
1003096800,0.9093,0.9118,0.8947,0.8975
1003701600,0.897,0.8984,0.8853,0.8902
1004310000,0.8913,0.9105,0.891,0.9009
1004914800,0.8999,0.9033,0.888,0.8923
1005519600,0.8934,0.9009,0.876,0.8837
1006124400,0.8834,0.8843,0.8731,0.8777
1006729200,0.8772,0.8975,0.8731,0.8954
1007334000,0.8954,0.8964,0.8844,0.8894
1007938800,0.8894,0.9021,0.8839,0.901
1008543600,0.9006,0.9051,0.8828,0.8841
1009148400,0.8858,0.8878,0.8713,0.8813
1009753200,0.8818,0.904,0.88,0.8927
1010358000,0.8926,0.897,0.8837,0.8897
1010962800,0.8913,0.8929,0.877,0.8825
1011567600,0.8818,0.8868,0.8614,0.863
1012172400,0.8624,0.8656,0.8549,0.8601
1012777200,0.8601,0.874,0.8593,0.872
1013382000,0.8697,0.8788,0.867,0.8717
1013986800,0.8722,0.8774,0.8655,0.8749
1014591600,0.8746,0.8748,0.861,0.8646
1015196400,0.865,0.8838,0.8627,0.8732
1015801200,0.8739,0.8842,0.8704,0.8791
1016406000,0.8785,0.883,0.872,0.8738
1017010800,0.8739,0.877,0.8674,0.8682
1017615600,0.8688,0.8831,0.8686,0.8767
1018216800,0.8767,0.8823,0.8711,0.8769
1018821600,0.877,0.8902,0.8766,0.8896
1019426400,0.888,0.9006,0.8842,0.8996
1020031200,0.8994,0.9158,0.8974,0.915
1020636000,0.9151,0.9174,0.902,0.9122
1021240800,0.9116,0.9207,0.8987,0.9203
1021845600,0.92,0.9268,0.9151,0.9202
1022450400,0.92,0.9407,0.9175,0.9317
1023055200,0.9323,0.9487,0.9299,0.9438
1023660000,0.9428,0.9504,0.9377,0.9416
1024264800,0.9408,0.9682,0.9374,0.9665
1024869600,0.9669,0.9956,0.9626,0.9885
1025474400,0.9884,0.994,0.9686,0.9701
1026079200,0.9715,0.9939,0.9712,0.9878
1026684000,0.9888,1.0185,0.9888,1.011
1027288800,1.0071,1.0109,0.9821,0.985
1027893600,0.9853,0.9899,0.9707,0.9848
1028498400,0.9849,0.9857,0.9606,0.969
1029103200,0.969,0.9881,0.9684,0.9825
1029708000,0.9832,0.986,0.9647,0.9711
1030312800,0.9723,0.9883,0.9676,0.9802
1030917600,0.9817,0.999,0.9792,0.9806
1031522400,0.981,0.9834,0.9666,0.9688
1032127200,0.9681,0.9841,0.9571,0.977
1032732000,0.9771,0.9824,0.9685,0.9762
1033336800,0.9776,0.9879,0.9753,0.9769
1033941600,0.9769,0.9901,0.9736,0.9835
1034546400,0.9846,0.987,0.9672,0.9694
1035151200,0.9698,0.978,0.9666,0.9747
1035759600,0.9745,0.9985,0.9708,0.9946
1036364400,0.9952,1.0129,0.9913,1.0112
1036969200,1.0108,1.0153,0.9997,1.0073
1037574000,1.008,1.0128,0.995,0.9959
1038178800,0.9955,0.996,0.9866,0.9935
1038783600,0.9935,1.0127,0.9854,1.0088
1039388400,1.0097,1.022,1.0059,1.0184
1039993200,1.0192,1.0296,1.0156,1.0231
1040598000,1.0231,1.0408,1.018,1.0406
1041202800,1.0391,1.0472,1.0305,1.0383
1041807600,1.0392,1.0557,1.0332,1.0556
1042412400,1.0552,1.0654,1.0477,1.0629
1043017200,1.0633,1.0828,1.0607,1.0815
1043622000,1.0812,1.0885,1.0704,1.0736
1044226800,1.0767,1.0919,1.0674,1.0815
1044831600,1.0811,1.0845,1.065,1.0762
1045436400,1.0761,1.0837,1.0656,1.0756
1046041200,1.0716,1.083,1.0701,1.0795
1046646000,1.0772,1.1064,1.0763,1.1008
1047250800,1.1011,1.1082,1.0651,1.0707
1047855600,1.0752,1.0809,1.047,1.05
1048460400,1.0555,1.0772,1.0536,1.0751
1049065200,1.0757,1.0931,1.0656,1.0702
1049666400,1.0645,1.0806,1.0534,1.0727
1050271200,1.0712,1.0938,1.0693,1.0859
1050876000,1.0882,1.1032,1.0801,1.1005
1051480800,1.1014,1.1256,1.0915,1.1211
1052085600,1.1204,1.1522,1.119,1.1475
1052690400,1.1539,1.161,1.1352,1.1565
1053295200,1.164,1.1827,1.1593,1.1793
1053900000,1.1814,1.1928,1.1685,1.1783
1054504800,1.1723,1.1888,1.1629,1.1698
1055109600,1.1699,1.1844,1.1657,1.1835
1055714400,1.1843,1.1896,1.152,1.155
1056319200,1.1545,1.1593,1.1362,1.1392
1056924000,1.1406,1.1585,1.1376,1.1461
1057528800,1.1457,1.1457,1.1236,1.1291
1058133600,1.1271,1.1317,1.1093,1.1269
1058738400,1.1239,1.1534,1.1226,1.1492
1059343200,1.1486,1.1525,1.1121,1.1248
1059948000,1.1268,1.1413,1.1247,1.1282
1060552800,1.1292,1.1369,1.121,1.1242
1061157600,1.1257,1.126,1.083,1.0878
1061762400,1.0852,1.0994,1.0786,1.0966
1062367200,1.0984,1.1111,1.0759,1.1103
1062972000,1.1094,1.1296,1.1045,1.1257
1063576800,1.1228,1.1356,1.1112,1.1328
1064181600,1.1352,1.1511,1.1352,1.1445
1064786400,1.143,1.1746,1.1372,1.1537
1065391200,1.1549,1.184,1.151,1.1784
1065996000,1.1784,1.1794,1.1528,1.1634
1066600800,1.1676,1.1842,1.1583,1.1797
1067209200,1.1757,1.1767,1.1551,1.1559
1067814000,1.1564,1.1607,1.1365,1.152
1068418800,1.1494,1.1795,1.1435,1.1759
1069023600,1.1813,1.197,1.1718,1.1909
1069628400,1.1901,1.201,1.1747,1.1984
1070233200,1.1991,1.2174,1.1932,1.2162
1070838000,1.2162,1.2276,1.2114,1.2263
1071442800,1.2125,1.241,1.2115,1.2358
1072047600,1.2335,1.2444,1.232,1.2408
1072652400,1.2404,1.2623,1.24,1.2576
1073257200,1.2607,1.2847,1.2537,1.2818
1073862000,1.2827,1.2875,1.2332,1.2357
1074466800,1.237,1.2758,1.2315,1.258
1075071600,1.2564,1.2639,1.2335,1.2448
1075676400,1.2471,1.2714,1.2375,1.268
1076281200,1.2615,1.2886,1.2612,1.2725
1076886000,1.2719,1.2919,1.2487,1.2507
1077490800,1.2507,1.2707,1.2365,1.2489
1078095600,1.249,1.2536,1.2052,1.2371
1078700400,1.2379,1.2456,1.2143,1.2192
1079305200,1.2186,1.2401,1.2146,1.2249
1079910000,1.225,1.2375,1.2046,1.2092
1080514800,1.2105,1.2366,1.2025,1.2111
1081116000,1.2088,1.2198,1.1959,1.2056
1081720800,1.2059,1.208,1.1848,1.1971
1082325600,1.2,1.2063,1.1764,1.1822
1082930400,1.1796,1.1998,1.1745,1.1969
1083535200,1.1988,1.2178,1.1864,1.1881
1084140000,1.1865,1.1931,1.1752,1.1871
1084744800,1.1881,1.2064,1.187,1.1999
1085349600,1.1988,1.229,1.1925,1.221
1085954400,1.223,1.2302,1.213,1.2288
1086559200,1.2288,1.235,1.1946,1.1988
1087164000,1.1973,1.215,1.1936,1.2121
1087768800,1.2122,1.2177,1.2025,1.2141
1088373600,1.2155,1.2313,1.2051,1.2309
1088978400,1.2311,1.2409,1.2248,1.2392
1089583200,1.2399,1.2449,1.2287,1.2436
1090188000,1.2437,1.2449,1.2076,1.2088
1090792800,1.2094,1.218,1.1981,1.2007
1091397600,1.2042,1.2284,1.1959,1.2269
1092002400,1.2277,1.237,1.2171,1.2366
1092607200,1.237,1.2385,1.2275,1.2303
1093212000,1.2303,1.2313,1.2002,1.202
1093816800,1.2013,1.2219,1.1985,1.2066
1094421600,1.2064,1.2302,1.2025,1.2259
1095026400,1.2257,1.2288,1.2113,1.2174
1095631200,1.217,1.2358,1.2118,1.2257
1096236000,1.2275,1.2439,1.2243,1.2406
1096840800,1.2395,1.243,1.2243,1.2413
1097445600,1.2419,1.2504,1.2219,1.2472
1098050400,1.2471,1.2685,1.2451,1.2646
1098655200,1.2711,1.284,1.263,1.2787
1099263600,1.2813,1.2973,1.2656,1.2946
1099868400,1.2964,1.3003,1.2847,1.2985
1100473200,1.297,1.3074,1.2916,1.3015
1101078000,1.3038,1.333,1.2975,1.3293
1101682800,1.3283,1.3463,1.3228,1.3453
1102287600,1.3445,1.3471,1.3148,1.3246
1102892400,1.321,1.3456,1.3206,1.3298
1103497200,1.3341,1.3527,1.3307,1.3494
1104102000,1.3528,1.3687,1.352,1.3558
1104706800,1.357,1.3593,1.3034,1.3062
1105311600,1.3063,1.3302,1.3061,1.3103
1105916400,1.3114,1.3135,1.2931,1.306
1106521200,1.305,1.3132,1.2952,1.3048
1107126000,1.3023,1.31,1.287,1.2881
1107730800,1.2862,1.291,1.2737,1.2873
1108335600,1.2885,1.3093,1.2881,1.3075
1108940400,1.3059,1.3277,1.3035,1.3243
1109545200,1.3242,1.3282,1.3087,1.324
1110150000,1.3237,1.351,1.318,1.3484
1110754800,1.349,1.3507,1.3292,1.3338
1111359600,1.3336,1.3345,1.2959,1.298
1111964400,1.2976,1.308,1.288,1.293
1112565600,1.2918,1.2962,1.2822,1.2946
1113170400,1.2947,1.304,1.2787,1.2928
1113775200,1.2934,1.3143,1.2893,1.3081
1114380000,1.3076,1.3076,1.2869,1.2879
1114984800,1.2874,1.3002,1.2822,1.2829
1115589600,1.2828,1.2925,1.2619,1.2636
1116194400,1.2638,1.2698,1.2544,1.2564
1116799200,1.2555,1.2636,1.2495,1.259
1117404000,1.2542,1.2551,1.2161,1.2225
1118008800,1.2229,1.2356,1.2148,1.216
1118613600,1.2153,1.2329,1.2059,1.2319
1119218400,1.225,1.2279,1.202,1.2129
1119823200,1.2133,1.2223,1.1976,1.1995
1120428000,1.1969,1.2074,1.19,1.1989
1121032800,1.1994,1.2287,1.199,1.2076
1121637600,1.2053,1.2283,1.1982,1.2091
1122242400,1.2081,1.2184,1.1985,1.2151
1122847200,1.2148,1.2424,1.214,1.2368
1123452000,1.2361,1.2505,1.2338,1.2458
1124056800,1.247,1.2474,1.214,1.2184
1124661600,1.2179,1.2354,1.2171,1.2295
1125266400,1.2297,1.2598,1.2181,1.2549
1125871200,1.2539,1.2593,1.2379,1.2408
1126476000,1.2408,1.2418,1.2193,1.2295
1127080800,1.2225,1.2322,1.209,1.2103
1127685600,1.2079,1.2142,1.2015,1.2059
1128290400,1.2072,1.2249,1.1947,1.216
1128895200,1.2163,1.2197,1.1954,1.2133
1129500000,1.2118,1.2163,1.1914,1.1981
1130104800,1.1982,1.2207,1.1958,1.2095
1130713200,1.2094,1.2122,1.1829,1.185
1131318000,1.1834,1.1859,1.1693,1.171
1131922800,1.1738,1.1814,1.1661,1.1781
1132527600,1.1793,1.189,1.17,1.1729
1133132400,1.1721,1.1918,1.167,1.1722
1133737200,1.1715,1.1856,1.1697,1.1825
1134342000,1.1799,1.2084,1.179,1.2069
1134946800,1.2084,1.2096,1.1854,1.191
1135551600,1.19,1.1983,1.1825,1.188
1136156400,1.1869,1.2227,1.1857,1.2203
1136761200,1.2188,1.2204,1.2046,1.2175
1137366000,1.2186,1.2214,1.2075,1.2174
1137970800,1.2177,1.2359,1.2118,1.2135
1138575600,1.2136,1.222,1.1994,1.205
1139180400,1.2054,1.2072,1.1912,1.1927
1139785200,1.1916,1.1974,1.1864,1.1925
1140390000,1.1942,1.199,1.1865,1.1885
1140994800,1.188,1.2058,1.1835,1.2038
1141599600,1.2052,1.2098,1.1872,1.1986
1142204400,1.1985,1.2277,1.1982,1.2263
1142809200,1.2248,1.2264,1.2013,1.2093
1143414000,1.2094,1.2232,1.2039,1.2179
1144015200,1.2174,1.2386,1.2089,1.2161
1144620000,1.2159,1.2218,1.2115,1.2153
1145224800,1.2168,1.2443,1.2162,1.2388
1145829600,1.241,1.268,1.2377,1.2652
1146434400,1.266,1.2803,1.2595,1.2772
1147039200,1.2778,1.2988,1.2696,1.2938
1147644000,1.2975,1.3003,1.2718,1.28
1148248800,1.2785,1.292,1.2716,1.2737
1148853600,1.2748,1.2954,1.2736,1.2932
1149458400,1.2937,1.2992,1.2602,1.2652
1150063200,1.2622,1.2751,1.2534,1.2726
1150668000,1.2724,1.2754,1.2551,1.2591
1151272800,1.2578,1.286,1.2575,1.285
1151877600,1.2855,1.2925,1.2771,1.2877
1152482400,1.287,1.2875,1.268,1.2706
1153087200,1.269,1.2744,1.2503,1.2737
1153692000,1.2748,1.2815,1.2603,1.2792
1154296800,1.2806,1.2945,1.276,1.2914
1154901600,1.2918,1.2943,1.2743,1.2751
1155506400,1.2739,1.2911,1.2722,1.2849
1156111200,1.2846,1.2961,1.2743,1.2779
1156716000,1.2775,1.2892,1.2765,1.2849
1157320800,1.2854,1.2882,1.2658,1.268
1157925600,1.2675,1.2802,1.2654,1.2725
1158530400,1.2701,1.2891,1.2696,1.2843
1159135200,1.2846,1.2879,1.2692,1.2739
1159740000,1.2733,1.2817,1.262,1.2656
1160344800,1.2637,1.2661,1.2526,1.2558
1160949600,1.2546,1.2681,1.2532,1.2658
1161554400,1.2656,1.2784,1.2562,1.2768
1162162800,1.2763,1.2831,1.2711,1.2745
1162767600,1.2743,1.2926,1.2718,1.287
1163372400,1.2873,1.2903,1.2782,1.2834
1163977200,1.2845,1.3125,1.2815,1.3104
1164582000,1.3162,1.3359,1.3099,1.3343
1165186800,1.337,1.3373,1.3196,1.3204
1165791600,1.3188,1.3297,1.3114,1.3136
1166396400,1.3136,1.3297,1.3105,1.3168
1167001200,1.317,1.3252,1.3139,1.3236
1167606000,1.3319,1.3343,1.3023,1.3052
1168210800,1.3051,1.3094,1.2901,1.296
1168815600,1.2962,1.3035,1.2925,1.2999
1169420400,1.2992,1.3077,1.2901,1.2938
1170025200,1.295,1.3092,1.2927,1.2991
1170630000,1.2982,1.3066,1.2938,1.3027
1171234800,1.304,1.3191,1.2962,1.3153
1171839600,1.3172,1.3207,1.3094,1.3178
1172444400,1.3186,1.3272,1.3151,1.3199
1173049200,1.3212,1.3219,1.3079,1.3119
1173650400,1.3121,1.3391,1.3113,1.3357
1174255200,1.3366,1.3458,1.3319,1.3334
1174860000,1.3336,1.3442,1.3298,1.3394
1175464800,1.3412,1.348,1.3355,1.3409
1176069600,1.3415,1.3589,1.3377,1.3573
1176674400,1.3585,1.3668,1.3558,1.3628
1177279200,1.3622,1.3715,1.357,1.3669
1177884000,1.3682,1.3705,1.3558,1.3616
1178488800,1.3623,1.365,1.3482,1.3546
1179093600,1.355,1.3628,1.348,1.3522
1179698400,1.3534,1.3546,1.3423,1.3462
1180303200,1.346,1.3531,1.34,1.3452
1180908000,1.3449,1.3562,1.3323,1.3366
1181512800,1.3377,1.3429,1.3266,1.3419
1182117600,1.3432,1.3507,1.341,1.3503
1182722400,1.3504,1.3576,1.3452,1.3568
1183327200,1.3572,1.3693,1.3563,1.3653
1183932000,1.3661,1.3844,1.3626,1.3817
1184536800,1.3815,1.387,1.378,1.3847
1185141600,1.3859,1.3878,1.3647,1.367
1185746400,1.3648,1.3839,1.3631,1.3821
1186351200,1.3819,1.386,1.3661,1.3716
1186956000,1.3711,1.3728,1.337,1.3488
1187560800,1.3504,1.3694,1.3462,1.3682
1188165600,1.3685,1.373,1.3572,1.3647
1188770400,1.3641,1.3804,1.3559,1.3773
1189375200,1.378,1.393,1.3771,1.3907
1189980000,1.3907,1.414,1.3859,1.4102
1190584800,1.4114,1.43,1.4081,1.4293
1191189600,1.4292,1.4302,1.4051,1.4158
1191794400,1.4157,1.4262,1.4033,1.4192
1192399200,1.4192,1.434,1.4162,1.4311
1193004000,1.4336,1.4407,1.4139,1.4396
1193608800,1.4428,1.4537,1.4385,1.4507
1194217200,1.4523,1.476,1.4437,1.4676
1194822000,1.4684,1.4734,1.4528,1.4665
1195426800,1.4676,1.4977,1.4629,1.4838
1196031600,1.4838,1.4918,1.4633,1.4643
1196636400,1.4641,1.4774,1.4527,1.4657
1197241200,1.466,1.4752,1.4423,1.4435
1197846000,1.4406,1.4465,1.4323,1.437
1198450800,1.437,1.4744,1.437,1.4726
1199055600,1.4739,1.483,1.458,1.4777
1199660400,1.4759,1.4814,1.4638,1.478
1200265200,1.4779,1.4916,1.4581,1.4618
1200870000,1.4599,1.4763,1.4355,1.4657
1201474800,1.4668,1.4946,1.4643,1.4788
1202079600,1.4783,1.4833,1.4424,1.4492
1202684400,1.4505,1.4698,1.4466,1.4657
1203289200,1.4669,1.4855,1.46,1.4817
1203894000,1.4825,1.5234,1.4771,1.5185
1204498800,1.5183,1.546,1.514,1.5346
1205100000,1.5352,1.5643,1.528,1.559
1205704800,1.56,1.582,1.533,1.5361
1206309600,1.5347,1.5797,1.5273,1.5703
1206914400,1.5742,1.5843,1.5461,1.5672
1207519200,1.5681,1.5867,1.5577,1.5786
1208124000,1.5638,1.5946,1.562,1.5767
1208728800,1.5771,1.5985,1.5522,1.5562
1209333600,1.5574,1.5663,1.5329,1.5386
1209938400,1.5402,1.5567,1.5255,1.5452
1210543200,1.544,1.558,1.534,1.5558
1211148000,1.5562,1.5796,1.5463,1.5773
1211752800,1.5754,1.5804,1.545,1.5546
1212357600,1.5546,1.5772,1.5357,1.5759
1212962400,1.5778,1.5839,1.5236,1.5282
1213567200,1.5345,1.5585,1.5278,1.5557
1214172000,1.5542,1.5734,1.5401,1.5712
1214776800,1.5723,1.5853,1.5598,1.5639
1215381600,1.565,1.5896,1.5555,1.5836
1215986400,1.5891,1.5988,1.5735,1.5796
1216591200,1.5795,1.5901,1.5585,1.5653
1217196000,1.5665,1.5729,1.5478,1.5512
1217800800,1.5528,1.5598,1.4968,1.4982
1218405600,1.4994,1.5057,1.4636,1.4655
1219010400,1.4658,1.4886,1.4609,1.4758
1219615200,1.4768,1.48,1.4556,1.4631
1220220000,1.468,1.4712,1.4189,1.4236
1220824800,1.4313,1.4424,1.388,1.4142
1221429600,1.421,1.4542,1.401,1.4443
1222034400,1.4462,1.4846,1.4415,1.4623
1222639200,1.4634,1.4638,1.3691,1.3829
1223244000,1.3642,1.3835,1.328,1.3487
1223848800,1.3598,1.3775,1.3341,1.342
1224453600,1.3397,1.351,1.2479,1.2604
1225058400,1.2591,1.3277,1.2326,1.2741
1225666800,1.2712,1.3096,1.2507,1.2729
1226271600,1.2774,1.2906,1.2372,1.2778
1226876400,1.2543,1.28,1.2415,1.2496
1227481200,1.2586,1.3077,1.2558,1.27
1228086000,1.2707,1.2845,1.2546,1.2688
1228690800,1.272,1.3405,1.2709,1.334
1229295600,1.3345,1.4687,1.3335,1.3853
1229900400,1.3876,1.4098,1.3871,1.4041
1230505200,1.4038,1.4334,1.3804,1.3823
1231110000,1.3874,1.3932,1.3283,1.34
1231714800,1.342,1.345,1.2999,1.3216
1232319600,1.332,1.3364,1.2755,1.2967
1232924400,1.2968,1.3321,1.2759,1.2784
1233529200,1.2768,1.3063,1.2698,1.2935
1234134000,1.2958,1.3087,1.2714,1.2874
1234738800,1.2789,1.2881,1.2508,1.2836
1235343600,1.2814,1.2989,1.2601,1.2696
1235948400,1.2615,1.2755,1.2456,1.2661
1236549600,1.2664,1.2961,1.2555,1.2901
1237154400,1.2898,1.3737,1.2836,1.3552
1237759200,1.3636,1.3736,1.3257,1.3305
1238364000,1.323,1.3519,1.3114,1.3488
1238968800,1.3514,1.3582,1.3121,1.3143
1239573600,1.3183,1.339,1.301,1.302
1240178400,1.3043,1.3297,1.2878,1.3243
1240783200,1.324,1.3384,1.2961,1.3265
1241388000,1.3275,1.3649,1.321,1.3618
1241992800,1.3654,1.3719,1.3459,1.3471
1242597600,1.3481,1.4048,1.342,1.4013
1243202400,1.4023,1.4168,1.3791,1.4131
1243807200,1.4133,1.4338,1.3931,1.3961
1244412000,1.3943,1.4178,1.3804,1.3998
1245016800,1.3978,1.4007,1.3736,1.3948
1245621600,1.3942,1.4133,1.3818,1.4075
1246226400,1.4058,1.4202,1.3979,1.4025
1246572000,1.3961,1.4074,1.3832,1.395
1247436000,1.3945,1.4167,1.3898,1.414
1248040800,1.4116,1.4294,1.4109,1.4216
1248645600,1.4227,1.4306,1.4007,1.4254
1249250400,1.4269,1.4449,1.4155,1.4172
1249855200,1.4175,1.4329,1.4087,1.417
1250460000,1.4192,1.4378,1.4045,1.4336
1251064800,1.4342,1.4409,1.4206,1.4287
1251669600,1.4305,1.4379,1.4177,1.4309
1252274400,1.4309,1.4635,1.4303,1.4592
1252879200,1.4596,1.4773,1.4514,1.472
1253484000,1.4695,1.4844,1.461,1.4664
1254088800,1.47,1.4719,1.4479,1.4587
1254693600,1.4587,1.4816,1.4578,1.4707
1255298400,1.4718,1.4965,1.4674,1.4897
1255903200,1.4897,1.5059,1.4826,1.5
1256508000,1.5,1.5062,1.4681,1.4726
1257116400,1.473,1.4916,1.4624,1.4835
1257721200,1.4874,1.5048,1.482,1.4893
1258326000,1.4921,1.5015,1.4799,1.4855
1258930800,1.4852,1.5144,1.4827,1.496
1259535600,1.501,1.5142,1.4821,1.4827
1260140400,1.4871,1.4905,1.4581,1.4614
1260745200,1.4611,1.4682,1.4258,1.4319
1261350000,1.4309,1.4416,1.4215,1.4353
1261954800,1.4372,1.4457,1.4271,1.4334
1262559600,1.4323,1.4483,1.4256,1.4415
1263164400,1.441,1.4577,1.4334,1.4355
1263769200,1.4348,1.4413,1.4027,1.4134
1264374000,1.4147,1.4193,1.3858,1.3865
1264978800,1.386,1.4026,1.3584,1.3635
1265583600,1.3657,1.384,1.3531,1.3617
1266188400,1.3618,1.3789,1.3442,1.3595
1266793200,1.3617,1.3692,1.3451,1.3621
1267398000,1.3624,1.3737,1.3433,1.3623
1268002800,1.3641,1.3796,1.3536,1.3757
1268604000,1.3762,1.3819,1.3503,1.3536
1269208800,1.3531,1.357,1.3266,1.34
1269813600,1.3467,1.3593,1.3385,1.3486
1270418400,1.3492,1.3539,1.3283,1.3456
1271023200,1.3628,1.3694,1.3474,1.3498
1271628000,1.348,1.3525,1.3202,1.3388
1272232800,1.335,1.3415,1.3117,1.3308
1272837600,1.3333,1.3335,1.2525,1.274
1273442400,1.2922,1.3097,1.2355,1.2387
1274047200,1.2353,1.2674,1.214,1.2587
1274652000,1.255,1.2565,1.2155,1.2324
1275256800,1.2283,1.2357,1.1955,1.1966
1275861600,1.1952,1.2164,1.1874,1.2084
1276466400,1.2128,1.2426,1.2124,1.2371
1277071200,1.2439,1.2477,1.2216,1.2393
1277676000,1.2384,1.2617,1.2157,1.2557
1278280800,1.2559,1.2725,1.2483,1.2646
1278885600,1.264,1.3006,1.2524,1.2943
1279490400,1.2906,1.3029,1.2731,1.292
1280095200,1.2896,1.3106,1.2876,1.3054
1280700000,1.306,1.3333,1.3054,1.3274
1281304800,1.3284,1.3307,1.2749,1.2752
1281909600,1.2763,1.2922,1.2663,1.2709
1282514400,1.2708,1.278,1.2587,1.2731
1283119200,1.2765,1.2897,1.2623,1.2878
1283724000,1.2893,1.2919,1.264,1.2713
1284328800,1.2703,1.3155,1.27,1.3039
1284933600,1.3045,1.3494,1.3025,1.3467
1285538400,1.3484,1.3786,1.3377,1.3772
1286143200,1.3784,1.4022,1.3632,1.3904
1286748000,1.3993,1.4156,1.3768,1.3954
1287352800,1.3964,1.4042,1.3688,1.392
1287957600,1.3942,1.4072,1.3726,1.3888
1288562400,1.3961,1.4276,1.3856,1.4038
1289170800,1.405,1.4079,1.3569,1.369
1289775600,1.3677,1.3747,1.3444,1.3671
1290380400,1.3735,1.3785,1.32,1.3242
1290985200,1.3273,1.3438,1.2968,1.3378
1291590000,1.3407,1.3421,1.3163,1.3224
1292194800,1.32,1.3493,1.3129,1.3173
1292799600,1.3163,1.3199,1.305,1.3111
1293404400,1.3109,1.3423,1.3068,1.3364
1294009200,1.3344,1.3431,1.2901,1.2929
1294614000,1.2893,1.3453,1.287,1.3353
1295218800,1.3369,1.3622,1.3234,1.3591
1295823600,1.3602,1.3753,1.3533,1.3609
1296428400,1.3575,1.3856,1.3538,1.3579
1297033200,1.3568,1.3739,1.3492,1.3534
1297638000,1.3525,1.3714,1.3424,1.3681
1298242800,1.3687,1.3837,1.3523,1.3741
1298847600,1.3745,1.4007,1.371,1.3985
1299452400,1.399,1.4035,1.3733,1.3869
1300053600,1.3948,1.4167,1.3836,1.4137
1300658400,1.4159,1.4229,1.4035,1.4051
1301263200,1.4029,1.4227,1.4,1.4216
1301868000,1.4217,1.4468,1.4131,1.4414
1302472800,1.4431,1.45,1.4345,1.4416
1303077600,1.4399,1.4631,1.4137,1.4555
1303682400,1.4547,1.4864,1.4476,1.482
1304287200,1.481,1.4925,1.4294,1.4323
1304892000,1.4351,1.443,1.4056,1.41
1305496800,1.4071,1.4339,1.4038,1.4198
1306101600,1.413,1.43,1.3963,1.4268
1306706400,1.4308,1.4641,1.4254,1.4622
1307311200,1.4629,1.4695,1.4281,1.4312
1307916000,1.4292,1.4456,1.4039,1.4276
1308520800,1.4237,1.4407,1.4093,1.4138
1309125600,1.4155,1.452,1.407,1.4478
1309730400,1.4512,1.4547,1.4176,1.4214
1310335200,1.4192,1.4255,1.3811,1.4108
1310940000,1.41,1.4414,1.3988,1.4344
1311544800,1.438,1.4514,1.4212,1.4348
1312149600,1.4339,1.4438,1.4041,1.425
1312754400,1.4349,1.4395,1.4098,1.4238
1313359200,1.4256,1.4512,1.4253,1.4382
1313964000,1.4372,1.45,1.4322,1.448
1314568800,1.449,1.4553,1.418,1.4184
1315173600,1.4162,1.4283,1.3625,1.3658
1315778400,1.3574,1.3938,1.3497,1.3783
1316383200,1.3672,1.3791,1.338,1.3455
1316988000,1.3501,1.3684,1.3357,1.3415
1317592800,1.3353,1.3518,1.3142,1.3381
1318197600,1.3382,1.3885,1.3371,1.387
1318802400,1.3871,1.3905,1.3645,1.3859
1319407200,1.3861,1.4241,1.3792,1.4148
1320012000,1.4146,1.4166,1.3604,1.3773
1320620400,1.3773,1.3857,1.3484,1.3748
1321225200,1.3775,1.3794,1.342,1.3513
1321830000,1.3522,1.3569,1.3212,1.3239
1322434800,1.3315,1.355,1.326,1.3404
1323039600,1.3407,1.3487,1.3281,1.3371
1323644400,1.3361,1.3377,1.2945,1.3037
1324249200,1.3047,1.3224,1.2993,1.3071
1324854000,1.3089,1.3097,1.2869,1.2968
1325458800,1.3047,1.3085,1.2703,1.2729
1326063600,1.27,1.2884,1.2627,1.2672
1326668400,1.2642,1.2989,1.2628,1.2925
1327273200,1.2885,1.3237,1.288,1.3207
1327878000,1.3218,1.3224,1.3027,1.3154
1328482800,1.3123,1.3325,1.3028,1.3172
1329087600,1.3237,1.3285,1.2975,1.3159
1329692400,1.3206,1.3488,1.3182,1.346
1330297200,1.346,1.3487,1.3188,1.3206
1330902000,1.32,1.3292,1.3096,1.3107
1331503200,1.3115,1.3195,1.3004,1.3179
1332108000,1.3185,1.33,1.314,1.327
1332712800,1.3271,1.3391,1.3197,1.3339
1333317600,1.3365,1.3387,1.304,1.3087
1333922400,1.3101,1.3218,1.3037,1.3083
1334527200,1.3075,1.3232,1.3,1.3219
1335132000,1.3194,1.3273,1.3107,1.3262
1335736800,1.3247,1.3287,1.3082,1.3089
1336341600,1.303,1.3068,1.2906,1.2924
1336946400,1.2885,1.2907,1.2644,1.2739
1337551200,1.2777,1.2826,1.2496,1.2518
1338156000,1.257,1.2625,1.2288,1.2413
1338760800,1.2435,1.2627,1.2386,1.2507
1339365600,1.2647,1.2676,1.2443,1.2647
1339970400,1.2754,1.2759,1.2528,1.2572
1340575200,1.2564,1.2703,1.2417,1.2668
1341180000,1.2678,1.2682,1.2271,1.2283
1341784800,1.228,1.2345,1.2171,1.2251
1342389600,1.2256,1.2335,1.2153,1.2168
1342994400,1.2132,1.2397,1.2051,1.2317
1343599200,1.231,1.2413,1.214,1.2382
1344204000,1.2398,1.245,1.2245,1.2297
1344808800,1.2292,1.239,1.2258,1.2324
1345413600,1.2342,1.2593,1.2298,1.2521
1346018400,1.2512,1.264,1.2467,1.2582
1346623200,1.2581,1.282,1.2503,1.2798
1347228000,1.2809,1.3179,1.2756,1.3128
1347832800,1.3135,1.3183,1.293,1.3001
1348437600,1.2988,1.2991,1.2839,1.2862
1349042400,1.2858,1.308,1.2813,1.3042
1349647200,1.3033,1.3034,1.2833,1.2965
1350252000,1.2963,1.3147,1.2898,1.303
1350856800,1.3034,1.309,1.2887,1.2939
1351461600,1.295,1.3027,1.2826,1.2831
1352070000,1.2826,1.2881,1.2693,1.2716
1352674800,1.2719,1.2807,1.2665,1.273
1353279600,1.2746,1.2994,1.2739,1.2988
1353884400,1.2974,1.3031,1.2881,1.3
1354489200,1.2995,1.313,1.2877,1.2928
1355094000,1.2897,1.3186,1.2886,1.3171
1355698800,1.3186,1.3321,1.3156,1.3187
1356303600,1.3192,1.3295,1.3175,1.3231
1356908400,1.3227,1.3289,1.3005,1.308
1357513200,1.3085,1.3373,1.3025,1.3346
1358118000,1.3375,1.3413,1.3262,1.3325
1358722800,1.3317,1.3485,1.3269,1.3469
1359327600,1.3468,1.3715,1.3418,1.3665
1359932400,1.3654,1.3658,1.3356,1.3366
1360537200,1.3374,1.3523,1.3308,1.3358
1361142000,1.3349,1.3437,1.3147,1.3181
1361746800,1.3195,1.3321,1.2967,1.302
1362351600,1.3016,1.3135,1.2955,1.3003
1362952800,1.2996,1.3115,1.2911,1.3062
1363557600,1.2935,1.3019,1.2852,1.2991
1364162400,1.2975,1.3094,1.2758,1.2823
1364767200,1.2819,1.3047,1.2751,1.3019
1365372000,1.2999,1.3145,1.2975,1.3085
1365976800,1.3113,1.3208,1.3006,1.3066
1366581600,1.3073,1.3098,1.2959,1.3033
1367186400,1.3061,1.3248,1.3035,1.3113
1367791200,1.3121,1.3198,1.2938,1.2986
1368396000,1.2979,1.3032,1.2798,1.2831
1369000800,1.2848,1.3,1.2822,1.2919
1369605600,1.2938,1.3063,1.2839,1.2983
1370210400,1.2991,1.3307,1.2956,1.3224
1370815200,1.3202,1.3391,1.3178,1.3347
1371420000,1.3357,1.3424,1.3104,1.3146
1372024800,1.3113,1.3156,1.2988,1.3023
1372629600,1.3014,1.3082,1.2808,1.2833
1373234400,1.2827,1.3212,1.2755,1.3063
1373839200,1.3069,1.3185,1.2996,1.3139
1374444000,1.3141,1.33,1.314,1.3279
1375048800,1.3284,1.3347,1.3187,1.3288
1375653600,1.3286,1.3402,1.3234,1.3342
1376258400,1.3341,1.3382,1.3207,1.3337
1376863200,1.3339,1.3454,1.3299,1.3384
1377468000,1.3383,1.34,1.3173,1.3208
1378072800,1.3212,1.3227,1.3105,1.3182
1378677600,1.3173,1.3327,1.3166,1.331
1379282400,1.3368,1.3573,1.3329,1.3524
1379887200,1.3539,1.3567,1.3464,1.3521
1380492000,1.3481,1.3649,1.348,1.3558
1381096800,1.3563,1.3611,1.3488,1.3557
1381701600,1.3559,1.3707,1.3475,1.3681
1382306400,1.3686,1.3834,1.3653,1.3807
1382911200,1.3809,1.3819,1.348,1.3493
1383519600,1.349,1.3549,1.3294,1.3356
1384124400,1.3358,1.3507,1.3346,1.349
1384729200,1.3493,1.3582,1.34,1.3551
1385334000,1.3554,1.3623,1.349,1.3587
1385938800,1.3588,1.3709,1.3524,1.3696
1386543600,1.3711,1.3811,1.3695,1.3733
1387148400,1.3737,1.3846,1.3625,1.3672
1387753200,1.367,1.3893,1.3654,1.3733
1388358000,1.3759,1.3819,1.3582,1.3598
1388962800,1.3596,1.3687,1.3547,1.366
1389567600,1.3666,1.37,1.3515,1.3529
1390172400,1.353,1.374,1.3506,1.3676
1390777200,1.3681,1.3717,1.3479,1.3484
1391382000,1.3488,1.3646,1.3476,1.3628
1391986800,1.3624,1.3716,1.3562,1.37
1392591600,1.3702,1.3773,1.368,1.3744
1393196400,1.3739,1.3826,1.3643,1.3822
1393801200,1.3786,1.3915,1.3707,1.3872
1394402400,1.3873,1.3967,1.3834,1.3903
1395007200,1.3912,1.3947,1.3747,1.3792
1395612000,1.3798,1.3875,1.3702,1.375
1396216800,1.3751,1.3818,1.3669,1.37
1396821600,1.3698,1.3903,1.3694,1.3885
1397426400,1.3856,1.3864,1.3787,1.3817
1398031200,1.3817,1.3854,1.3782,1.3834
1398636000,1.384,1.3888,1.3768,1.387
1399240800,1.3873,1.3993,1.3743,1.3745
1399845600,1.3755,1.3773,1.3645,1.3697
1400450400,1.3697,1.3734,1.3614,1.3626
1401055200,1.3623,1.3668,1.3586,1.3634
1401660000,1.3631,1.3677,1.3502,1.3647
1402264800,1.3647,1.3669,1.3512,1.3538
1402869600,1.3544,1.3648,1.3517,1.3596
1403474400,1.3597,1.3656,1.3577,1.3649
1404079200,1.3649,1.3705,1.3599,1.3606
1404424800,1.3611,1.3654,1.3579,1.3612
1405288800,1.3611,1.3644,1.3493,1.3528
1405893600,1.3531,1.3552,1.3422,1.3433
1406498400,1.3434,1.3447,1.3369,1.343
1407103200,1.343,1.3435,1.3335,1.3413
1407708000,1.3409,1.3417,1.3338,1.34
1408312800,1.3394,1.34,1.3222,1.3243
1408917600,1.3208,1.3222,1.3134,1.3135
1409522400,1.313,1.3161,1.2921,1.2959
1410127200,1.2953,1.2989,1.286,1.2958
1410732000,1.2977,1.3006,1.2835,1.2844
1411336800,1.2834,1.2908,1.2683,1.2689
1411941600,1.2688,1.2722,1.2506,1.2515
1412546400,1.252,1.2797,1.2514,1.2619
1413151200,1.2634,1.2893,1.263,1.2778
1413756000,1.2764,1.2845,1.2617,1.2668
1414360800,1.2677,1.2775,1.2489,1.253
1414969200,1.2515,1.2581,1.2361,1.2444
1415574000,1.2466,1.255,1.2397,1.2528
1416178800,1.2521,1.2605,1.2377,1.2389
1416783600,1.2376,1.2534,1.2366,1.2436
1417388400,1.2447,1.2509,1.2272,1.2289
1417993200,1.2288,1.2496,1.2248,1.2459
1418598000,1.248,1.2579,1.2229,1.2235
1419202800,1.2231,1.2281,1.2173,1.2185
1419807600,1.2189,1.223,1.2007,1.2013
1420412400,1.196,1.1985,1.1761,1.1848
1421017200,1.187,1.1878,1.1467,1.159
1421622000,1.1571,1.1687,1.1119,1.1251
1422226800,1.1152,1.1428,1.1102,1.1296
1422831600,1.1314,1.1539,1.1296,1.1323
1423436400,1.1319,1.1447,1.1275,1.1395
1424041200,1.1402,1.1454,1.1281,1.1399
1424646000,1.1382,1.1397,1.1177,1.1195
1425250800,1.1183,1.1242,1.084,1.0859
1425852000,1.0836,1.0908,1.0473,1.0484
1426456800,1.0498,1.1011,1.0491,1.0823
1427061600,1.0877,1.1064,1.078,1.0916
1427666400,1.09,1.1038,1.0724,1.1003
1428271200,1.1007,1.1047,1.0577,1.0613
1428876000,1.0603,1.0857,1.0529,1.08
1429480800,1.082,1.0907,1.0667,1.0875
1430085600,1.0874,1.1297,1.0826,1.1198
1430690400,1.1199,1.1398,1.1072,1.121
1431295200,1.1206,1.1472,1.1136,1.1469
1431900000,1.145,1.1452,1.1005,1.1043
1432504800,1.0987,1.1013,1.0821,1.0983
1433109600,1.0982,1.1382,1.0889,1.112
1433714400,1.1102,1.1388,1.1084,1.1275
1434319200,1.1234,1.145,1.1204,1.1366
1434924000,1.138,1.1424,1.1141,1.1172
1435528800,1.1001,1.1292,1.0962,1.1096
1435874400,1.1096,1.1226,1.0927,1.1138
1436738400,1.1142,1.1207,1.0836,1.0857
1437343200,1.084,1.1026,1.0817,1.0989
1437948000,1.0984,1.1137,1.0899,1.0971
1438552800,1.0987,1.1002,1.0852,1.0976
1439157600,1.0965,1.122,1.093,1.1124
1439762400,1.1119,1.1394,1.102,1.1358
1440367200,1.1381,1.1718,1.1158,1.1185
1440972000,1.1181,1.1335,1.1088,1.115
1441576800,1.116,1.1368,1.1122,1.1353
1442181600,1.1354,1.1476,1.1232,1.1368
1442786400,1.1304,1.1347,1.112,1.1203
1443391200,1.1206,1.1331,1.1148,1.1241
1443996000,1.1228,1.1398,1.1184,1.1377
1444600800,1.1373,1.1505,1.1344,1.1386
1445205600,1.1369,1.1397,1.1004,1.1012
1445810400,1.1013,1.1104,1.0904,1.1009
1446418800,1.1037,1.1059,1.071,1.075
1447023600,1.0735,1.0835,1.0679,1.0741
1447628400,1.074,1.0767,1.062,1.0656
1448233200,1.0644,1.0693,1.0568,1.0602
1448838000,1.0592,1.0984,1.049,1.0875
1449442800,1.0875,1.106,1.0797,1.102
1450047600,1.1001,1.1088,1.0828,1.0891
1450652400,1.0887,1.1011,1.0874,1.0976
1451257200,1.0986,1.1016,1.0871,1.0886
1451862000,1.0884,1.0966,1.0728,1.092
1452466800,1.096,1.10005,1.0821,1.09245
1453071600,1.093,1.0991,1.0789,1.08035
1453676400,1.08075,1.098,1.0802,1.08385
1454281200,1.0841,1.127,1.0825,1.11545
1454886000,1.1157,1.13855,1.1096,1.1264
1455490800,1.1252,1.12535,1.1065,1.11415
1456095600,1.1122,1.1131,1.09155,1.09315
1456700400,1.0923,1.1046,1.08285,1.10005
1457305200,1.09955,1.1241,1.08225,1.11875
1457906400,1.11785,1.13715,1.1088,1.1296
1458511200,1.12975,1.1313,1.11695,1.1197
1459116000,1.1186,1.14625,1.11785,1.14165
1459720800,1.142,1.1476,1.1349,1.1419
1460325600,1.143,1.1486,1.1253,1.13045
1460930400,1.1313,1.1417,1.1234,1.12445
1461535200,1.12405,1.1475,1.1236,1.1465
1462140000,1.14735,1.16305,1.1398,1.141
1462744800,1.141,1.14575,1.1292,1.13165
1463349600,1.13115,1.1358,1.1187,1.12255
1463954400,1.12235,1.1249,1.11155,1.11435
1464559200,1.1118,1.1377,1.11025,1.1348
1465164000,1.13675,1.14165,1.1283,1.1298
1465768800,1.1285,1.13415,1.1169,1.1307
1466373600,1.13535,1.14575,1.0947,1.11555
1466978400,1.1087,1.11995,1.10035,1.1165
1467583200,1.1165,1.1216,1.10295,1.10775
1468188000,1.10795,1.1192,1.1043,1.10885
1468792800,1.10795,1.11125,1.09795,1.09865
1469397600,1.09955,1.1219,1.0976,1.12015
1470002400,1.12055,1.12555,1.1064,1.11095
1470607200,1.11035,1.1237,1.10885,1.11775
1471212000,1.11845,1.138,1.1168,1.13355
1471816800,1.1326,1.13665,1.11895,1.11965
1472421600,1.11965,1.12605,1.1131,1.1165
1473026400,1.1159,1.1331,1.11435,1.1231
1473631200,1.12375,1.12925,1.11915,1.1193
1474236000,1.11955,1.12985,1.1164,1.12715
1474840800,1.1266,1.132,1.11915,1.1277
1475445600,1.12765,1.1285,1.11355,1.12105
1476050400,1.1221,1.12315,1.0998,1.10095
1476655200,1.09985,1.1065,1.08835,1.08985
1477260000,1.0903,1.1014,1.0875,1.10025
1477864800,1.1003,1.1163,1.0958,1.1138
1478473200,1.11095,1.1317,1.0844,1.0859
1479078000,1.085,1.0856,1.058,1.0611
1479682800,1.05985,1.06685,1.0527,1.06005
1480287600,1.06085,1.0696,1.05595,1.06645
1480892400,1.055,1.0878,1.051,1.0557
1481497200,1.0549,1.06725,1.03675,1.04785
1482102000,1.0493,1.05435,1.0398,1.0491
1482706800,1.04985,1.06935,1.04205,1.0574
1483311600,1.05005,1.06595,1.03735,1.0561
1483916400,1.056,1.07105,1.04805,1.0668
1484521200,1.065,1.0745,1.06035,1.073
1485126000,1.07275,1.07965,1.06765,1.07175
1485730800,1.0729,1.0844,1.06375,1.07815
1486335600,1.0798,1.0803,1.06185,1.06425
1486940400,1.06415,1.06885,1.0531,1.06145
1487545200,1.0628,1.06415,1.05015,1.05695
1488150000,1.0565,1.0636,1.0498,1.06015
1488754800,1.06145,1.07485,1.05255,1.07415
1489356000,1.0733,1.0831,1.0649,1.07905
1489960800,1.0789,1.0872,1.0767,1.08505
1490565600,1.08725,1.0949,1.0689,1.0722
1491170400,1.06985,1.07255,1.0615,1.06235
1491775200,1.0615,1.07095,1.06045,1.0654
1492380000,1.0641,1.08065,1.0634,1.0724
1492984800,1.0893,1.09785,1.08485,1.0921
1493589600,1.0921,1.10235,1.08975,1.1011
1494194400,1.10355,1.1036,1.0858,1.0942
1494799200,1.095,1.12275,1.09405,1.12205
1495404000,1.12205,1.12825,1.11725,1.11895
1496008800,1.1186,1.1294,1.112,1.12855
1496613600,1.12865,1.12915,1.11705,1.1202
1497218400,1.1209,1.1299,1.1133,1.12485
1497823200,1.1255,1.12675,1.1173,1.12485
1498428000,1.1244,1.1493,1.12225,1.1467
1499032800,1.1467,1.1482,1.1356,1.14445
1499637600,1.1441,1.153,1.1409,1.1504
1500242400,1.15105,1.1718,1.1473,1.1713
1500847200,1.1701,1.1808,1.16455,1.17915
1501452000,1.17825,1.19395,1.1753,1.17905
1502056800,1.17955,1.18695,1.17125,1.18455
1502661600,1.1846,1.186,1.168,1.17765
1503266400,1.1777,1.1955,1.1748,1.1892
1503871200,1.19565,1.20825,1.1832,1.18755
1504476000,1.189,1.20975,1.1876,1.20325
1505080800,1.2029,1.2046,1.18375,1.19975
1505685600,1.1995,1.20925,1.19175,1.19975
1506290400,1.19705,1.1991,1.177,1.18645
1506895200,1.18565,1.18635,1.1712,1.17775
1507500000,1.1779,1.1921,1.1762,1.1858
1508104800,1.18505,1.18945,1.1767,1.18145
1508709600,1.1808,1.18685,1.1604,1.1629
1509314400,1.1633,1.17225,1.1624,1.1634
1509922800,1.16395,1.17,1.15785,1.1687
1510527600,1.16775,1.18815,1.16585,1.1815
1511132400,1.1787,1.1959,1.1728,1.1942
1511737200,1.19475,1.1975,1.18185,1.1903
1512342000,1.18785,1.18875,1.17345,1.1772
1512946800,1.17755,1.1901,1.17215,1.1845
1513551600,1.18345,1.1976,1.1829,1.1928
1514156400,1.19455,1.20795,1.1922,1.20755
1514761200,1.207,1.21405,1.20535,1.20985
1515366000,1.2081,1.22655,1.1964,1.22285
1515970800,1.22495,1.23685,1.2209,1.2275
1516575600,1.2298,1.25765,1.2255,1.246
1517180400,1.24555,1.25575,1.23715,1.24855
1517785200,1.2465,1.2508,1.22335,1.22595
1518390000,1.22775,1.25795,1.2262,1.24395
1518994800,1.24335,1.24575,1.2277,1.23135
1519599600,1.23055,1.23715,1.2166,1.2341
1520204400,1.2356,1.24615,1.22785,1.23205
1520805600,1.2318,1.2424,1.22945,1.2371
1521410400,1.2376,1.24675,1.23235,1.24465
1522015200,1.24365,1.25535,1.2352,1.23585
1522620000,1.2388,1.2414,1.22765,1.23485
1523224800,1.2338,1.2458,1.23215,1.2389
1523829600,1.2385,1.24685,1.2299,1.23325
1524434400,1.23295,1.2339,1.20975,1.2164
1525039200,1.217,1.21805,1.1945,1.19985
1525644000,1.1993,1.20125,1.18555,1.19725
1526248800,1.1978,1.2025,1.17725,1.1797
1526853600,1.1789,1.1852,1.1663,1.16795
1527458400,1.1642,1.1738,1.1526,1.1675
1528063200,1.1673,1.1848,1.16625,1.17765
1528668000,1.1779,1.1858,1.1564,1.1686
1529272800,1.1676,1.17495,1.1582,1.17375
1529877600,1.1741,1.17945,1.15945,1.17365
1530482400,1.1738,1.183,1.16555,1.1805
1531087200,1.1809,1.18515,1.16665,1.1731
1531692000,1.17375,1.17975,1.16225,1.17735
1532296800,1.1774,1.18005,1.16625,1.1699
1532901600,1.1698,1.179,1.1594,1.16135
1533506400,1.16045,1.1662,1.1417,1.1429
1534111200,1.1417,1.14685,1.13275,1.14675
1534716000,1.1461,1.1658,1.14165,1.16435
1535320800,1.1643,1.17505,1.15965,1.1609
1535925600,1.1609,1.1667,1.15405,1.15715
1536530400,1.15555,1.18055,1.15305,1.17155
1537135200,1.17105,1.18815,1.17,1.18255
1537740000,1.1822,1.1893,1.1641,1.1682
1538344800,1.1683,1.1695,1.15265,1.1589
1538949600,1.1586,1.16685,1.14935,1.16215
1539554400,1.161,1.1678,1.14835,1.1561
1540159200,1.15665,1.16005,1.138,1.14545
1540764000,1.1442,1.1494,1.1343,1.14225
1541372400,1.14265,1.15455,1.1348,1.1367
1541977200,1.13495,1.14465,1.12455,1.1438
1542582000,1.1442,1.1495,1.135,1.13545
1543186800,1.1355,1.14155,1.1283,1.1322
1543791600,1.13465,1.1431,1.1321,1.14295
1544396400,1.1407,1.1457,1.1311,1.1396
1545001200,1.13955,1.1575,1.1395,1.1452
1545606000,1.1452,1.15475,1.1424,1.15155
1546210800,1.1514,1.1569,1.13775,1.1467
1546815600,1.1475,1.16325,1.1471,1.1527
1547420400,1.15265,1.155,1.14075,1.14245
1548025200,1.14185,1.1466,1.13375,1.14625
1548630000,1.1455,1.15565,1.14375,1.15015
1549234800,1.14955,1.1501,1.13545,1.13565
1549839600,1.13525,1.13725,1.1261,1.1322
1550444400,1.13185,1.13965,1.13005,1.1359
1551049200,1.1355,1.14365,1.13545,1.13715
1551654000,1.1388,1.13935,1.11845,1.125
1552255200,1.1243,1.1432,1.1228,1.14075
1552860000,1.141,1.15345,1.1354,1.1375
1553464800,1.13725,1.1412,1.1283,1.12885
1554069600,1.12985,1.1326,1.1255,1.12845
1554674400,1.12825,1.13855,1.12805,1.1357
1555279200,1.13635,1.13815,1.12795,1.1283
1555884000,1.1294,1.1316,1.11565,1.1201
1556488800,1.11925,1.1311,1.11755,1.1235
1557093600,1.1222,1.12875,1.12045,1.1265
1557698400,1.127,1.12965,1.1182,1.11865
1558303200,1.1185,1.1233,1.11265,1.1226
1558908000,1.1228,1.12345,1.11305,1.1187
1559512800,1.11805,1.1355,1.11735,1.13465
1560117600,1.1335,1.1372,1.12705,1.12895
1560722400,1.1295,1.14545,1.12615,1.14445
1561327200,1.14495,1.1486,1.1418,1.14465
1561932000,1.1435,1.144,1.1271,1.12855
1562536800,1.12915,1.1344,1.12555,1.1329
1563141600,1.13285,1.13405,1.1253,1.12705
1563746400,1.12715,1.12755,1.11455,1.117
1564351200,1.1171,1.12035,1.1065,1.11485
1564956000,1.11425,1.1285,1.1141,1.12375
1565560800,1.123,1.1261,1.10905,1.11225
1566165600,1.1116,1.11725,1.107,1.1165
1566770400,1.1166,1.11825,1.09755,1.09895
1567375200,1.10015,1.10925,1.0936,1.1037
1567980000,1.10325,1.1184,1.0928,1.11415
1568584800,1.11495,1.11595,1.1063,1.1082
1569189600,1.1085,1.10925,1.0966,1.1001
1569794400,1.09995,1.1058,1.09385,1.1037
1570399200,1.10305,1.11115,1.09925,1.109
1571004000,1.10855,1.1215,1.1037,1.1204
1571608800,1.1199,1.12215,1.11095,1.11175
1572213600,1.1117,1.12075,1.1108,1.11945
1572822000,1.1196,1.12055,1.1042,1.10485
1573426800,1.1044,1.10765,1.10095,1.10725
1574031600,1.1072,1.1113,1.1029,1.10355
1574636400,1.10355,1.1047,1.09905,1.1027
1575241200,1.10295,1.1124,1.1012,1.1061
1575846000,1.1063,1.12635,1.1058,1.1191
1576450800,1.1197,1.1244,1.11305,1.114
1577055600,1.11405,1.12465,1.113,1.12445
1577660400,1.12375,1.1293,1.11735,1.1217
1578265200,1.12085,1.12545,1.1129,1.1166
1578870000,1.11615,1.12125,1.1125,1.11325
1579474800,1.1129,1.1156,1.1051,1.10635
1580079600,1.10625,1.1125,1.1024,1.11185
1580684400,1.11165,1.112,1.0966,1.097
1581289200,1.0968,1.0981,1.0846,1.0859
1581894000,1.0857,1.08785,1.0793,1.0872
1582498800,1.0845,1.10635,1.0819,1.10395
1583103600,1.1064,1.13605,1.10465,1.1322
1583704800,1.13485,1.1502,1.1056,1.11245
1584309600,1.1214,1.1278,1.0675,1.06915
1584914400,1.07315,1.11875,1.0671,1.1157
1585519200,1.1165,1.11835,1.07955,1.0834
1586124000,1.0835,1.09715,1.07915,1.09555
1586728800,1.09565,1.1007,1.0827,1.08835
1587333600,1.0891,1.0912,1.0739,1.08105
1587938400,1.08325,1.10285,1.08205,1.09865
1588543200,1.09815,1.0984,1.0774,1.085
1589148000,1.08395,1.09045,1.0781,1.082
1589752800,1.082,1.1014,1.0805,1.0892
1590357600,1.09025,1.11485,1.0874,1.1101
1590962400,1.1119,1.13855,1.11035,1.12955
1591567200,1.1296,1.1424,1.12365,1.1255
1592172000,1.12665,1.13775,1.11895,1.12075
1592776800,1.1202,1.1371,1.11895,1.12465
1593381600,1.124,1.13205,1.1202,1.12455
1593727200,1.1256,1.13865,1.12365,1.13155
1594591200,1.1321,1.14675,1.1318,1.1452
1595196000,1.14325,1.1671,1.14165,1.165
1595800800,1.1659,1.19195,1.1655,1.17995
1596405600,1.179,1.1926,1.17065,1.1791
1597010400,1.1795,1.1872,1.1719,1.1845
1597615200,1.18495,1.1973,1.17585,1.17935
1598220000,1.17995,1.19235,1.17655,1.18945
1598824800,1.1914,1.2015,1.17825,1.1853
1599429600,1.1841,1.1918,1.1753,1.1855
1600034400,1.1864,1.1924,1.1759,1.1874
1600639200,1.18675,1.18935,1.16305,1.16415
1601244000,1.16475,1.17875,1.16345,1.173
1601848800,1.173,1.18475,1.1725,1.18405
1602453600,1.18325,1.1842,1.1702,1.17325
1603058400,1.1735,1.18945,1.1717,1.18715
1603663200,1.187,1.18725,1.1651,1.1655
1604271600,1.1655,1.19005,1.16125,1.18915
1604876400,1.18965,1.19295,1.17535,1.18405
1605481200,1.18465,1.19015,1.1821,1.18635
1606086000,1.1865,1.19665,1.18045,1.19605
1606690800,1.1968,1.2179,1.19275,1.21395
1607295600,1.2132,1.21935,1.20595,1.21425
1607900400,1.2162,1.23035,1.21455,1.2272
1608505200,1.22555,1.22905,1.2158,1.2211
1609110000,1.2219,1.233,1.2208,1.2246
1609714800,1.2252,1.2368,1.221,1.22325
1610319600,1.22335,1.22395,1.20885,1.20925
1610924400,1.2096,1.2203,1.20675,1.2181
1611529200,1.2183,1.2197,1.20695,1.2143
1612134000,1.21415,1.21475,1.19605,1.20525
1612738800,1.2054,1.2157,1.20285,1.2123
1613343600,1.2129,1.21765,1.20295,1.21215
1613948400,1.21295,1.2249,1.2066,1.20815
1614553200,1.208,1.2116,1.18945,1.1915
1615158000,1.1919,1.2012,1.18365,1.1973
1615759200,1.19745,1.2011,1.18955,1.193
1616364000,1.19,1.1969,1.178,1.18095
1616968800,1.1812,1.18135,1.17215,1.17885
1617573600,1.17765,1.1943,1.17535,1.19185
1618178400,1.1916,1.20085,1.1886,1.19925
1618783200,1.19915,1.2113,1.1956,1.2105
1619388000,1.2109,1.21615,1.20265,1.20325
1619992800,1.20395,1.218,1.1995,1.21735
1620597600,1.21755,1.21895,1.2058,1.215
1621202400,1.2153,1.22515,1.2133,1.21865
1621807200,1.21885,1.2271,1.2136,1.22045
1622412000,1.22005,1.2258,1.21055,1.2167
1623016800,1.21675,1.22195,1.21145,1.2124
1623621600,1.213,1.2169,1.1867,1.1892
1624226400,1.1882,1.19945,1.18675,1.19495
1624831200,1.1956,1.19635,1.18235,1.18605
1625436000,1.1883,1.19115,1.1797,1.1892
1626040800,1.1892,1.1895,1.17855,1.1822
1626645600,1.1821,1.18425,1.1764,1.17825
1627250400,1.1783,1.1919,1.1774,1.1866
1627855200,1.18755,1.1909,1.1762,1.17655
1628460000,1.17665,1.18115,1.1713,1.18015
1629064800,1.1803,1.18075,1.1669,1.17015
1629669600,1.17005,1.1806,1.16975,1.1798
1630274400,1.1801,1.19115,1.1786,1.18925
1630879200,1.18815,1.1888,1.1803,1.1836
1631484000,1.18365,1.1867,1.1743,1.1749
1632088800,1.1746,1.1775,1.1701,1.17335
1632693600,1.1735,1.1743,1.1578,1.1613
1633298400,1.16095,1.1656,1.15445,1.1591
1633903200,1.1586,1.1637,1.15375,1.16185
1634508000,1.16115,1.16815,1.1584,1.16475
1635112800,1.1651,1.17025,1.15445,1.15685
1635717600,1.15715,1.1625,1.15205,1.1558
1636326000,1.1573,1.1616,1.1439,1.145
1636930800,1.145,1.14695,1.1254,1.12935
1637535600,1.1289,1.1325,1.119,1.1306
1638140400,1.13,1.1386,1.12375,1.13135
1638745200,1.13125,1.1356,1.12285,1.13385
1639350000,1.1341,1.1388,1.12475,1.1277
1639954800,1.12635,1.1364,1.12585,1.13575
1640559600,1.13445,1.14035,1.1292,1.14025
1641164400,1.1394,1.1395,1.1287,1.1378
1641769200,1.13745,1.1496,1.1299,1.1428
1642374000,1.1431,1.1447,1.13125,1.1353
1642978800,1.1355,1.13565,1.11305,1.11545
1643583600,1.11555,1.14925,1.11435,1.14565
1644188400,1.1464,1.15035,1.1336,1.1343
1644793200,1.13515,1.1402,1.12875,1.13375
1645398000,1.13235,1.13965,1.11105,1.12675
1646002800,1.11635,1.1252,1.08875,1.0913
1646607600,1.0928,1.11225,1.08065,1.0944
1647208800,1.09565,1.11725,1.09365,1.10835
1647813600,1.10845,1.11045,1.0994,1.102
1648418400,1.1017,1.12155,1.0977,1.10685
1649023200,1.1069,1.10835,1.0863,1.09105
1649628000,1.0939,1.09595,1.0781,1.0854
1650232800,1.08315,1.09585,1.07845,1.0808
1650837600,1.0831,1.084,1.04905,1.0589
1651442400,1.0569,1.06585,1.04985,1.0563
1652047200,1.05595,1.0608,1.03615,1.0417
1652652000,1.04135,1.06175,1.0401,1.05555
1653256800,1.05755,1.0772,1.05695,1.07385
1653861600,1.0741,1.07935,1.06325,1.07245
1654466400,1.07215,1.0775,1.0567,1.05845
1655071200,1.05765,1.0668,1.0428,1.05575
1655676000,1.0555,1.0673,1.05345,1.0612
1656280800,1.06145,1.06785,1.04205,1.0481
1656885600,1.04815,1.052,1.01215,1.02245
1657490400,1.02285,1.02345,1,1.0127
1658095200,1.0134,1.032,1.01255,1.02355
1658700000,1.0255,1.0298,1.01345,1.02545
1659304800,1.0258,1.03275,1.01545,1.02055
1659909600,1.02055,1.03965,1.01875,1.029
1660514400,1.0283,1.0292,1.00505,1.0051
1661119200,1.00565,1.0104,0.9916,0.9978
1661724000,0.997,1.00905,0.9919,0.9974
1662328800,0.99375,1.01175,0.9871,1.0048
1662933600,1.0092,1.0202,0.9957,1.0069
1663538400,1.0078,1.01165,0.9728,0.9732
1664143200,0.97325,0.99085,0.9592,0.98615
1664748000,0.9847,1.00545,0.9776,0.97855
1665352800,0.97855,0.98555,0.9675,0.977
1665957600,0.97675,0.9921,0.97455,0.9887
1666562400,0.99205,1.01315,0.9848,0.9992
1667167200,0.99995,1.00115,0.97605,0.99795
1667775600,0.99615,1.03915,0.9948,1.039
1668380400,1.03545,1.05085,1.0297,1.035
1668985200,1.03495,1.0466,1.02435,1.0422
1669590000,1.03955,1.0557,1.03045,1.05475
1670194800,1.0549,1.0606,1.04525,1.0553
1670799600,1.0543,1.07385,1.0512,1.06685
1671404400,1.0658,1.07265,1.0634,1.0683
1672095600,1.0696,1.0767,1.0665,1.0754
1672700400,1.0723,1.0736,1.0529,1.0694
1673218800,1.069,1.09115,1.0689,1.0871
1673823600,1.0877,1.09275,1.08055,1.08905
1674428400,1.09005,1.09625,1.08685,1.09
1675033200,1.0898,1.1059,1.08165,1.08285
1675638000,1.08215,1.0822,1.0685,1.0692
1676242800,1.0698,1.08245,1.06265,1.0711
1676847600,1.0706,1.07185,1.05455,1.05605
1677452400,1.05535,1.06995,1.0542,1.06405
1678057200,1.06345,1.07705,1.05275,1.071
1678658400,1.0744,1.08225,1.05805,1.07405
1679263200,1.0734,1.09835,1.06905,1.0814
1679868000,1.08165,1.0976,1.07975,1.09035
1680472800,1.08875,1.10195,1.08355,1.09585
1681077600,1.09515,1.11145,1.08745,1.10375
1681682400,1.10355,1.1038,1.0947,1.10115
1682287200,1.1024,1.1129,1.0993,1.10485
1682892000,1.1049,1.11215,1.0972,1.1054
1683496800,1.10465,1.10805,1.087,1.08755
1684101600,1.08685,1.0926,1.0778,1.0826
1684706400,1.0827,1.08485,1.07155,1.07435
1685311200,1.07385,1.0788,1.0647,1.07205
1685916000,1.07165,1.07925,1.06745,1.07545
1686520800,1.07525,1.10225,1.07375,1.0996
1687125600,1.0993,1.10615,1.0891,1.09385
1687730400,1.09455,1.10225,1.0876,1.0953
1688335200,1.09515,1.10125,1.08715,1.1007
1688940000,1.1005,1.12805,1.0982,1.12695
1689544800,1.12655,1.13105,1.1139,1.1156
1690149600,1.116,1.11775,1.097,1.10505
1690754400,1.10445,1.10725,1.0935,1.1032
1691359200,1.10325,1.1085,1.09505,1.09695
1691964000,1.0967,1.0978,1.08595,1.0893
1692568800,1.0889,1.09445,1.07765,1.08185
1693173600,1.08085,1.09555,1.0779,1.0786
1693778400,1.07815,1.08155,1.06905,1.07015
1694383200,1.07175,1.07725,1.06325,1.07035
1694988000,1.0707,1.0778,1.0653,1.0686
1695592800,1.06845,1.06935,1.05255,1.06125
1696197600,1.0602,1.0632,1.0482,1.06245
1696802400,1.05855,1.06685,1.05235,1.05395
1697407200,1.0548,1.06415,1.05435,1.0617
1698012000,1.0619,1.07215,1.05425,1.0589
1698616800,1.05855,1.07655,1.05365,1.07545
1699225200,1.0747,1.07745,1.06715,1.06955
1699830000,1.0701,1.0931,1.06725,1.0913
1700434800,1.09235,1.09765,1.0864,1.09505
1701039600,1.09545,1.1025,1.0835,1.0879
1701644400,1.08905,1.0901,1.0727,1.0762
1702249200,1.0765,1.10475,1.07445,1.09425
1702854000,1.0938,1.10815,1.0935,1.1055
1703545200,1.10535,1.11745,1.1048,1.1075
1704150000,1.1076,1.10785,1.0908,1.0977
1704668400,1.0977,1.10405,1.0941,1.09845
1705273200,1.09775,1.09955,1.0871,1.09175
1705878000,1.09195,1.0956,1.08345,1.088
1706482800,1.08715,1.0917,1.0799,1.0811
1707087600,1.08,1.08115,1.074,1.07975
1707692400,1.0801,1.083,1.0709,1.07895
1708297200,1.07895,1.0899,1.0773,1.0833
1708902000,1.0831,1.08745,1.08025,1.0848
1709506800,1.08485,1.0985,1.08435,1.09455
1710108000,1.09425,1.0966,1.08815,1.09315
1710712800,1.0932,1.09815,1.08395,1.08415
1711317600,1.08435,1.09015,1.08085,1.08215
1711922400,1.0812,1.09085,1.0758,1.0866
1712527200,1.0869,1.0916,1.0651,1.06675
1713132000,1.06665,1.07155,1.06285,1.06755
1713736800,1.06775,1.07755,1.06485,1.0728
1714341600,1.0715,1.08325,1.067,1.07865
1714946400,1.07815,1.08095,1.07405,1.079
1715551200,1.0788,1.09095,1.07805,1.0889
1716156000,1.08825,1.08975,1.0815,1.08605
1716760800,1.08585,1.0899,1.0796,1.085
1717365600,1.08575,1.0923,1.08035,1.081
1717970400,1.07745,1.08555,1.0715,1.07465
1718575200,1.075,1.08075,1.07145,1.0738
1719180000,1.0735,1.079,1.07075,1.0752
1719784800,1.07705,1.08785,1.0748,1.0873
1720389600,1.08515,1.0944,1.08405,1.0939
1720994400,1.09255,1.09795,1.0903,1.0908
1721599200,1.0913,1.0932,1.0852,1.08825
1722204000,1.08815,1.09485,1.0799,1.0935
1722808800,1.094,1.10305,1.09,1.09385
1723413600,1.0935,1.10645,1.0928,1.10355
1724018400,1.10435,1.12125,1.1037,1.1199
1724623200,1.12025,1.12125,1.1051,1.10595
1725228000,1.1054,1.11595,1.1033,1.10905
1725832800,1.10895,1.11445,1.10045,1.112
1726437600,1.1121,1.1227,1.1104,1.12
1727042400,1.11975,1.12495,1.1118,1.1201
1727647200,1.1196,1.1242,1.0983,1.10045
1728252000,1.10025,1.1029,1.09295,1.0968
1728856800,1.09635,1.0965,1.08375,1.08915
1729461600,1.0893,1.08975,1.07855,1.08255
1730066400,1.0819,1.09245,1.07905,1.08575
1730674800,1.0889,1.0955,1.0699,1.0729
1731279600,1.07245,1.0743,1.05085,1.05495
1731884400,1.05495,1.06205,1.03405,1.042
1732489200,1.046,1.0603,1.0433,1.05735
1733094000,1.0575,1.06335,1.04665,1.05575
1733698800,1.05655,1.05975,1.04645,1.05375
1734303600,1.05405,1.0577,1.03825,1.04845
1734908400,1.04715,1.0484,1.0421,1.0466
1735513200,1.04645,1.04935,1.0256,1.03335
1736118000,1.03345,1.04685,1.02415,1.0274
1736722800,1.0274,1.03825,1.02045,1.03025
1737327600,1.0302,1.05455,1.0292,1.05195
1737932400,1.05095,1.05575,1.03705,1.0397
1738537200,1.0281,1.0464,1.0231,1.035
1739142000,1.0315,1.0529,1.03065,1.0514
1739746800,1.0505,1.05205,1.0414,1.05055